,Judul Berita
0,Cerita Wanita di Sumbar Batal Naik Sriwijaya Air SJ182 Gegara Tes Antigen
1,"Usia Pesawat Tak Masalah, Ini yang Lebih Bahaya buat Keselamatan"
2,Marinir Serahkan 10 Kepingan Baru dari Evakuasi Sriwijaya Air SJ182
3,KNKT Kerahkan 3 Pinger Finder untuk Cari Black Box Sriwijaya Air SJ182
4,Mobil Juga Punya Black Box Seperti Pesawat
5,Tim DVI Polri Identifikasi 7 Kantong Jenazah Korban Sriwijaya Air Besok
6,"5 Korban SJ182 Asal Sumbar, Gubernur Irwan Ajak Warga Berdoa"
7,Cuaca Buruk Adang Tim SAR Evakuasi Pesawat Sriwijaya Air
8,Cuaca Buruk Adang Tim SAR Evakuasi Pesawat Sriwijaya Air
9,Tetap Taat di Tengah Lautan
10,Kantong Jenazah Berisi Potongan Tubuh Korban Pesawat Sriwijaya Air Didisinfektan
11,Tangis Istri Korban Sriwijaya Air SJ182 Asal Sragen
12,Potongan Tubuh Korban Pesawat Sriwijaya Air Dibawa ke RS Polri
13,RS Polri Terima 21 Sampel DNA Terkait Korban Sriwijaya Air SJ182
14,Pesan Viral Anak Kecil ke Pramugara dan Pramugari Indonesia
15,Luhut Kirim Kapal Canggih Bantu Cari Pesawat Sriwijaya SJ182
16,"Bagian Besar Sriwijaya Air Belum Diangkat, Kapal Crane Diterjunkan"
17,"Hujan Sempat Turun, IDRT Hentikan Sementara Pencarian Sriwijaya Air SJ182"
18,Guru Ini Jadi Korban Sriwijaya Air SJ182 Usai Pulkam Jenguk Ibu di Tegal
19,TNI AU Mulai Cari Bagian Besar Pesawat Sriwijaya SJ182
20,Posisi Black Box Pesawat Sriwijaya Air SJ182 Telah Diketahui
21,Wagub Ariza Minta Warga Tak Sebar Hoax Terkait Jatuhnya Sriwijaya Air
22,Anak Sulung Kapten Afwan Bertolak ke Jakarta Jalani Tes DNA
23,"Rapid Test Antigen Membludak, Penumpang Reschedule Penerbangan"
24,"Rapid Test Antigen Membludak, Penumpang Reschedule Penerbangan"
25,"Foto: Bukan Burung, Bukan Pesawat... Ini Ronaldo Lagi 'Terbang'"
26,Foto: Sapi Asal Australia Diangkut Pakai Pesawat Masuk ke RI
27,Ragam Satwa yang Pernah Dibawa ke Pesawat
28,Potret Pesawat Garuda Indonesia yang 'Bermasker' Baru
29,Isak Tangis Ibu Kru Sriwijaya Air SJ182 Fadly Satrianto Usai Tes DNA
30,Kakak Pramugari Sriwijaya Air SJ182 Ungkap Kebiasaan Korban Sebelum Terbang
31,Patroli Laut Bea Cukai Juga Bantu Cari Korban Jatuhnya Sriwijaya Air SJ182
32,"Posisi Sudah Diketahui, Black Box Sriwijaya Air SJ182 Dicari dengan Alat Ini"
33,Bandara Soetta dan Supadio Buka Posko Crisis Center Sriwijaya Air
34,Ibu Ini Kenang Senyuman Anak yang Jatuh Bersama Sriwijaya Air SJ182
35,Kisah Warga Makassar Jadi Korban Sriwijaya Usai Dipindah dari NAM Air
36,"Critical Eleven, 11 Menit Paling Krusial dalam Penerbangan"
37,Cerita Keluarga Sempat Larang Korban Sriwijaya Air SJ182 ke Pontianak
38,Seluk-beluk Black Box yang Dicari dalam Kecelakaan Pesawat
39,Ini Dia Penampakan Pesawat Militer AS yang Ditolak Mendarat di RI
40,Ini Dia Penampakan Pesawat Militer AS yang Ditolak Mendarat di RI
41,Santainya Taqy Malik Saat Makan di Pesawat dan Ngemil Kurma Muda
42,"Foto: Kehabisan Uang, AirAsia X Akan Hentikan Operasi di RI"
43,Potret Makanan Pesawat yang Dijual Finnair
44,Potret Airbus Anti Narkotika Citilink
45,KKP Kirim Kapal Bantu Pencarian Pesawat Sriwijaya Air SYJ182
46,Video Call Terakhir Pilot Nam Air Sebelum Jadi Korban Sriwijaya Air SJ182
47,Most Pop Sepekan: Kelakuan Sosialita Richard Muljadi dan Kondisi Sepi Bali
48,"Masih Tak Percaya MUA-nya Korban Sriwijaya Air SJ182, Chef Aiko Lakukan Ini"
49,Panglima TNI: Posisi Diduga Black Box Sriwijaya Air SJ182 Sudah Dimarking
50,Rekap Kantong yang Diterima Basarnas Terkait Sriwijaya Air SJ182 Per Sore Ini
51,Posisi Black Box Pesawat Sriwijaya Air SJ182 Telah Diketahui
52,Keluarga Penumpang Sriwijaya Air SJ182 Terus Berdatangan ke Posko RS Polri
53,Keistimewaan Baruna Jaya IV yang Disiagakan untuk Cari Black Box SJ182
54,"KRI Parang Bawa 2 Kantong Mayat, Isinya Potongan Tubuh-Serpihan Pesawat SJ182"
55,Potret Pesawat Berbentuk V yang Sukses Terbang Perdana
56,Potret Pesawat Berbentuk V yang Sukses Terbang Perdana
57,Foto: Armada Boeing 747 Terakhir British Airways Pamit
58,Begini Potret Ruang Kemudi Pesawat Garuda
59,Momen Pemakaman Pilot Pesawat yang Tergelincir di Lanud Iswahjudi
60,Potret Jet Pribadi yang Diklaim Irit nan Murah
61,Pesan Terakhir Youtuber Faisal Rahman yang Naik Sriwijaya Air SJ182
62,"Pesawat Sriwijaya Air yang Jatuh Berusia 26 Tahun, Berapa Batasnya?"
63,Keluarga Kru Sriwijaya Air SJ182 Fadly Satrianto di Surabaya Tak ke Jakarta
64,8 Kantong Evakuasi Kembali Diserahkan ke Basarnas
65,"Jangan Asal Rekam atau Upload Kondisi Korban Sriwijaya Air, Ini Kata Psikolog"
66,Kisah Penumpang Dipindah dari Nam Air Jadi Korban Sriwijaya Air
67,Posisi Black Box Pesawat Sriwijaya Air SJ182 Telah Diketahui
68,Jatuhnya Sriwijaya Air dan Rekam Jejak Kecelakaan Pesawat di Indonesia
69,Arie Untung Cerita Qariah Senior Batal Naik Sriwijaya Karena Harus Swab
70,Jasa Raharja Himpun 59 Data Keluarga Korban Sriwijaya Air SJ182
71,Kakak Beradik Asal Sragen Jadi Korban Sriwijaya Air yang Jatuh
72,Kata Asosiasi Maskapai Soal Usia Pesawat Sriwijaya Air yang Jatuh
73,"Berdoa untuk Penumpang Sriwijaya, Air Mata Salmafina Tak Berhenti Mengalir"
74,Pihak Sriwijaya Air Sediakan Fasilitas Hotel untuk Keluarga Korban
75,"Dari Udara, Pencarian Sriwijaya Air SJ182 di Perairan Kepulauan Seribu"
76,TNI AU Lihat Anomali Warna Laut dan Serpihan Diduga Sriwijaya Air SJ182
77,Pihak Sriwijaya Air Sediakan Fasilitas Hotel untuk Keluarga Korban
78,Ditpolairud Kerahkan 8 Kapal-4 Heli Bantu Cari Sriwijaya Air yang Jatuh
79,"Satu SMA dengan Pilot Sriwijaya Air SJ182, Arie Untung Kagumi Kebiasaannya"
80,Keluarga Tak Sangka Pilot Nam Air Ikut Jadi Korban Sriwijaya Air Jatuh
81,Kemungkinan Penyebab Jatuhnya Sriwijaya Air hingga Spesifikasi B737-500
82,Cerita Permintaan Maaf Kapten Afwan ke Istri-Anak Sebelum Pergi Kerja
83,Polisi Sediakan Trauma Healing bagi Keluarga Korban Sriwijaya Air SJ182
84,BPJAMSOSTEK Siapkan Santunan buat Keluarga Korban Sriwijaya Air SJ182
85,"Evakuasi SJ182, Basarnas Kembali Terima 5 Kantong Berisi Potongan Tubuh"
86,BPJS Ketenagakerjaan Siapkan Santunan Korban Jatuhnya Sriwijaya Air
87,Serpihan Badan dan Ban Pesawat Sriwijaya Air SJ182 Ditemukan
88,Jasa Raharja Tunggu Pemerintah soal Santunan Korban Sriwijaya Air SJ182
89,Gubernur Khofifah Berbelasungkawa Atas Jatuhnya Sriwijaya Air SJ182
90,TNI AU Mulai Cari Potongan Besar Pesawat Sriwijaya Air SJ182
91,"Ini Antonov An-225, Pesawat Kargo Terbesar di Dunia"
92,"Ini Antonov An-225, Pesawat Kargo Terbesar di Dunia"
93,Pilot Pesawat Jet Banting Setir Jadi Kurir
94,"Foto: Desain Kursi Pesawat Anti Corona, Ada Kacanya"
95,"Ada Larangan Mudik, Pesawat-Kereta Api Beroperasi Terbatas"
96,Jepang Manfaatkan Pesawat Penumpang untuk Distribusi Bantuan Medis
97,Serpihan Badan dan Ban Pesawat Sriwijaya Air SJ182 Ditemukan
98,Tetangga Kenang Kapten Afwan Sebagai Sosok Agamis dan Dermawan
99,"Kunjungi Rumah Keluarga Pilot SJ182, Bupati Bogor: Kami Siap Bantu"
100,"Cari Sriwijaya Air Lewat Udara, TNI AU Temukan Tumpahan Minyak di Laut"
101,Ini 5 Fase Proses Identifikasi Korban Sriwijaya Air SJ182
102,Cerita Nelayan Ngaku Melihat Momen Sriwijaya Air SJ182 Jatuh
103,Serpihan Badan dan Ban Pesawat Sriwijaya Air SJ182 Ditemukan
104,DVI Polri Koordinasi ke Sriwijaya Air Minta Data Penumpang-CCTV
105,Melihat Proses Pencarian Sriwijaya Air SJ182 Via Udara
106,Jokowi Instruksikan KNKT Selidiki Jatuhnya Sriwijaya Air SJ182
107,Potret Perumahan Rasa Bandara di AS
108,Potret Perumahan Rasa Bandara di AS
109,Pesawat Rongsok Disulap Jadi Rumah Seharga Rp 500 Juta
110,Emirsyah dan Soetikno Jalani Sidang Lanjutan Kasus Suap Garuda
111,Pesawat Korsel untuk Evakuasi Warga dari Kapal Pesiar Tiba di Jepang
112,PT DI Berhasil Upgrade 10 Pesawat F-16
113,Potensi Bahaya saat Pesawat Kelamaan Parkir
114,Posko RS Polri Terima Laporan 12 Keluarga Korban Jatuhnya Sriwijaya Air
115,"Kru Sriwijaya Air SJ182 Fadly Satrianto Alumnus Unair, Civitas Berdukacita"
116,"Usai Cek Titik Koordinat Jatuhnya Sriwijaya Air, Panglima TNI Pindah Kapal"
117,Begini Kondisi Arus Laut di Sekitar Lokasi Jatuhnya Sriwijaya Air
118,Bakamla Kerahkan 5 Kapal dan 130 Personel Bantu Pencarian Sriwijaya Air SJ182
119,Melihat Proses Pencarian Sriwijaya Air SJ182 Via Udara
120,Jokowi Sampaikan Dukacita Mendalam Atas Jatuhnya Sriwijaya Air SJ182
121,Keluarga Ungkap Chat Terakhir Korban Sriwijaya Air: Lo Gak Samperin Gue?
122,Ibu Kru Sriwijaya Air SJ182 Fadly Satrianto Jalani Tes DNA
123,"Tergelincir Saat Mendarat, Pesawat Iran Seruduk Jalan Raya"
124,"Tergelincir Saat Mendarat, Pesawat Iran Seruduk Jalan Raya"
125,Melihat Pergerakan Pesawat di Runway 3 Bandara Soetta
126,Foto: Gemas! Hewan-hewan Terapi di Bandara
127,Alutsista Karya Anak Bangsa Mejeng di Kemhan
128,"Foto: Mau Dijual, Begini Mewahnya Pesawat Jet Presiden Meksiko"
129,"Sriwijaya Air Jatuh, Warga Cerita Kaget Dengar Ledakan Besar"
130,Crisis Center Soetta Sudah Terima 34 Laporan Keluarga Sriwijaya Air SJ182
131,Keluarga Masih Optimistis Kopilot Sriwijaya Air SJ182 Selamat
132,Mengurai Ide Parasut Pesawat Cegah Kecelakaan Temuan Vladimir Tatarenko
133,Tenda-Bendera Kuning Terpasang di Kediaman Pilot SJ182 di Bogor
134,Baju Anak-anak Warna Pink Ditemukan dari Evakuasi Sriwijaya Air
135,Cerita Nelayan Ngaku Melihat Momen Sriwijaya Air SJ182 Jatuh
136,Denjaka Temukan Benda Mirip Roda-Nomor Tempat Duduk Sriwijaya Air SJ182
137,Pilu Ibu di Kediri Karena Anak dan Cucunya Jadi Korban Sriwijaya Air Jatuh
138,Panglima TNI-Menhub Naik Perahu Karet ke Koordinat Jatuhnya Sriwijaya Air
139,KPK Kembali Periksa Eks Dirut Garuda Arif Wibowo
140,KPK Kembali Periksa Eks Dirut Garuda Arif Wibowo
141,Aneka Barang Aneh yang Dibawa Penumpang Pesawat Sepanjang 2019
142,Foto: Gaya Orang Traveling 100 Tahun Lalu
143,"Foto: Naik Pesawat Zaman Old, Jendelanya Bisa Dibuka"
144,Pesawat Listrik Komersial Ini Sukses Uji Terbang
145,Jokowi Pastikan Upaya Terbaik Evakuasi Penumpang Sriwijaya Air SJ182
146,Jokowi Perintahkan KNKT Bikin Kajian Penyelidikan Jatuhnya Sriwijaya Air
147,Chef Aiko Berduka MUA Pernikahannya Jadi Korban Sriwijaya Air SJ182
148,Begini Potret Pantauan Udara Evakuasi Sriwijaya Air SJ182
149,Tengok Lagi Spesifikasi Pesawat Sriwijaya Air Boeing 737-500 yang Jatuh
150,Keluarga Kopilot Diego Mamahit Masih Syok Dengar Kabar Sriwijaya SJ182 Jatuh
151,Sikap Resmi Boeing atas Jatuhnya Pesawat Sriwijaya Air SJ182
152,Keluarga Korban Sriwijaya Air SJ182 di Bandara Soetta Diantar ke RS Polri
153,"Difollow Korban Sriwijaya, Taqy Malik Terenyuh Lihat Video Pamitan dengan Keluarga"
154,Kontak Terakhir Kru Sriwijaya Air SJ182 Fadly Satrianto dengan Keluarga
155,"Foto: Model Cantik Dikritik, Marahi Pramugari karena Tak Boleh ke Toilet"
156,"Foto: Model Cantik Dikritik, Marahi Pramugari karena Tak Boleh ke Toilet"
157,Keren! Penampakan Pesawat Made in Bandung Pesanan Thailand
158,Senyum Shireen Sungkar saat Ditanya Soal Wajahnya di Pesawat
159,Serunya Jajal Pesawat R80 dan Selfie Bareng BJ Habibie
160,"Ragam Meme Receh Naik Pesawat, Traveler Pasti Paham"
161,"Sambangi RS Polri, Keluarga Kopilot Sriwijaya SJ182 Diambil Sampel DNA-nya"
162,"Body Part Korban Sriwijaya Air Ditemukan, Ini Proses Identifikasi Lewat DNA"
163,Pengamat: Jatuhnya Sriwijaya Air Tak Berkaitan dengan Usia Pesawat
164,"Ratih Windania Diduga Korban Sriwijaya Air, Salmafina Tersanjung Sudah Difollow"
165,Sikap Resmi Boeing atas Jatuhnya Pesawat Sriwijaya Air SJ182
166,Tim Kopaska Temukan Bagian Tubuh Diduga Korban Sriwijaya Air SJ182
167,TNI AU Kerahkan Pesawat untuk Bantu Cari Sriwijaya Air SJ182
168,Keluarga Korban Ini Cerita Kehilangan 5 Kerabat dalam Insiden Sriwijaya Air
169,Potret Life Vest Kuning-Benda Diduga Nomor Registrasi Sriwijaya Air
170,"Sriwijaya Air SJ182 Jatuh, Sri Mulyani, Erick Thohir hingga Ahok Kirim Doa"
171,"Dibandingkan Netizen, Ini Adu Gaya Syahrini dan Maia Saat Naik Jet Pribadi"
172,"Dibandingkan Netizen, Ini Adu Gaya Syahrini dan Maia Saat Naik Jet Pribadi"
173,Deretan Artis Dunia yang Pernah Ditolak Naik Pesawat
174,Penampakan Drone Pengirim Paket Amazon
175,Ini Pesawat N250 Buatan BJ Habibie
176,Gagasan Brilian BJ Habibie untuk Teknologi Dunia
177,"Panglima TNI: Bila Ditemukan Korban-Bagian Pesawat SJ182, Sore Bisa Diangkat"
178,Menhub Ungkap Kemajuan Berarti Terkait Pencarian Sriwijaya Air SJ182
179,Jokowi: Saya Memantau Pencarian Penumpang Sriwijaya Air SJ182
180,Pesawat Berusia Tua Apakah Aman Buat Terbang?
181,Cerita Riski Tak Sadar Keluarganya Tumpangi Sriwijaya Air SJ182 yang Jatuh
182,Penyelam Kopaska Temukan Life Vest-Pecahan Sriwijaya Air
183,TNI AL Kerahkan KRI Rigel Cari Pesawat Sriwijaya Air yang Jatuh
184,"Bandara Juanda Layani 6,8 Juta Penumpang di 2020"
185,Melihat Suasana Kediaman Kapten Afwan Pilot Sriwijaya Air SJ182 di Bogor
186,TNI AU Lihat Anomali Warna Laut dan Serpihan Diduga Sriwijaya Air
187,Foto Profil Pesawat Cessna Seperti yang Jatuh di Indramayu
188,Foto Profil Pesawat Cessna Seperti yang Jatuh di Indramayu
189,Penampakan Bangkai Cessna yang Jatuh di Indramayu
190,Tim Gabungan Cari Awak Cessna yang Jatuh di Indramayu
191,Foto: Pantai yang Jadi Landasan Pacu Pesawat
192,"Foto: Pesawat Airbus Terbaru Lion Air, Pertama di Asia Pasifik"
193,Basarnas Ungkap 3 Metode Cari Pesawat Sriwijaya Air SJ182
194,"Keluarga Ceritakan Capt Afwan Pilot Sriwijaya Air, Sosok Alim dan Dermawan"
195,TNI AU Akan Koordinasi ke Basarnas Tiap Penemuan Terkait Sriwijaya Air
196,"Sriwijaya Air Jatuh, Seperti Apa Durasi Servis Pesawat Terbang?"
197,Menhub: Presiden Perintahkan Pencarian Sriwijaya Air SJ182 Maksimal
198,Keluarga Kapten Afwan Pilot Sriwijaya Air SJ182 Berharap Ada Mukjizat
199,TNI AL Kerahkan KRI Rigel Cari Pesawat Sriwijaya Air yang Jatuh
200,Jasa Raharja Lakukan Pendataan Korban Sriwijaya Air SJ182
201,Sebagian Kopaska Pencari Sriwijaya Air Pernah Bantu Evakuasi Lion Air JT610
202,AP II Siapkan Crisis Center Sriwijaya Air SJ182 di Soetta dan Supadio
203,Uniknya Rumah Berjalan Dengan Interior Ala Pesawat Jet
204,Uniknya Rumah Berjalan Dengan Interior Ala Pesawat Jet
205,"Foto Pesawat Masa Depan, Bentuknya V & Hemat BBM"
206,Intip Kulineran Seru Angela Gilsha yang Dihujat Netizen Karena Nyinyir Bayi di Pesawat
207,Naik Pesawat Tiketnya Ratusan Juta Rupiah dengan Lima Maskapai Ini
208,Pesawat Berusia 30 Tahun Ini Disulap Jadi Rumah
209,"Parasut Pesawat untuk Cegah Kecelakaan, Apa Mungkin Diterapkan?"
210,Melihat Pencarian Titik Jatuh dan Korban Sriwijaya Air SJ182
211,"Sriwijaya Air Jatuh, Menkominfo: Tak Ada Gangguan Frekuensi Penerbangan"
212,Mantan Ketum PB HMI Ada di Pesawat Sriwijaya Air yang Jatuh
213,TNI AL Kerahkan KRI Rigel Cari Pesawat Sriwijaya Air yang Jatuh
214,TNI AU Ungkap Kesulitan dalam Pencarian Pesawat Sriwijaya Air SJ182
215,Mantan Ketum PB HMI Ada di Pesawat Sriwijaya Air yang Jatuh
216,Panglima TNI: Sinyal Diduga dari Pesawat Sriwijaya Air SJ182 Ditemukan
217,8 Fakta Terbaru Sriwijaya Air Jatuh di Sekitar Kepulauan Seribu
218,"Sisi Asih Unggah Video Menyentuh Soal Pramugari, Netter Mewek Berjamaah"
219,"Potret Pesawat Mewah dari Four Season, Tiketnya Rp 2 M"
220,"Potret Pesawat Mewah dari Four Season, Tiketnya Rp 2 M"
221,Karya Unik Seniman Ubah Benda Rumahan jadi Pesawat Luar Angkasa
222,Foto: Aksi Pramugari Lion Group di Depan Anak-anak
223,"Dinda Hauw, Pilih Berhijab Usai Mimpi Meninggal"
224,Begini Jadinya Kalau Pesawat Airbus Diubah Jadi Restoran
225,TNI AU Kerahkan 4 Pesawat dan 150 Personel Cari Pesawat Sriwijaya Air
226,Keluarga Kru Sriwijaya Air SJ182 Berharap Keajaiban
227,Pernyataan Boeing soal Jatuhnya Pesawat Sriwijaya Air SJ182
228,"Sriwijaya Air SJ-182 Jatuh, Garuda dan AirAsia Turut Berduka"
229,Pernyataan Ikatan Pilot Indonesia soal Sriwijaya Air SJ182 Jatuh
230,"Jane Shalimar Mohon Doa, Temannya Baru Nikah Naik Sriwijaya Air SJ182"
231,Pesawat Sriwijaya Air yang Jatuh Berumur 26 Tahun
232,Kopaska Bagi 4 Tim Cari Pesawat Sriwijaya Air SJ182 yang Jatuh
233,"Naik KRI John Lie, Menhub-Panglima Cek Titik Lokasi Jatuhnya Sriwijaya Air"
234,TNI AL Temukan Titik Koordinat Jatuhnya Sriwijaya Air SJ182
235,Foto: Pilot Wanita Belanda yang Cantik & Gemar Bertualang
236,Foto: Pilot Wanita Belanda yang Cantik & Gemar Bertualang
237,Lihat Lagi Momen Syahrini Naik Pesawat Jet Pribadi
238,Foto: Inovasi Kasur di Kelas Ekonomi Pesawat
239,Pesawat dan Mobil Rusak Akibat Banjir Bandang di Papua
240,Foto Penumpang Pesawat Cantik yang Viral karena Baju Dianggap Terlalu Seksi
241,4 Spot Instagramable di PIK yang Asyik Buat Foto
242,Bagian Tubuh-1 Properti Diduga Milik Korban Sriwijaya Air Dibawa ke RS Polri
243,"Arie Untung Bagikan Jejak Detik-detik Terakhir SJ 182, Netizen Riuh"
244,"Dipakai SJ182, Boeing 737-500 Sudah Diwanti-wanti Bermasalah!"
245,"Pesawat Sriwijaya Air Jatuh, Ini Riwayat Kecelakaan Boeing 737-500"
246,"Sriwijaya Air SJ182 Jatuh, Ifan Seventeen Harap Temannya Selamat"
247,Basarnas Identifikasi Serpihan yang Diduga Milik Sriwijaya Air
248,Google Maps Tampilkan Titik Jatuh Pesawat Sriwijaya Air SJ182
249,Pulau Laki dan Pulau Lancang di Kasus Sriwijaya Air yang Hilang Kontak
250,Memburu Jejak Kelompok Kriminal Bersenpi di Papua Bakar Pesawat MAF
251,"Bawa Daging Misterius, Pria Ini Bikin Heboh Bandara"
252,KRI Gilimanuk Tiba di Sekitar Lokasi Jatuhnya Sriwijaya Air SJ182
253,KNKT Cek Lokasi Titik Jatuh Pesawat Sriwijaya Air SJ182 Pagi Ini
254,Danpos TNI AL Rawasaban Minta Nelayan Infokan Jika Temukan Serpihan Pesawat
255,Keluarga Kapten Afwan Pilot Sriwijaya Air SJ182 Berharap Ada Kabar Baik
256,"Ibunda Fadly Satrianto, Kru Sriwijaya Air SJ182 Meminta Doa Anaknya Ditemukan"
257,Basarnas Kerahkan KN SAR dan Tim Khusus Cari Sriwijaya Air SJ182
258,Ambulans Polda Metro Bawa Sebuah Kantong Plastik Hitam dari JICT 2 ke RS Polri
259,"Rumah Fadly Satrianto, Kru Sriwijaya Air SJ182 Hilang Kontak Lengang"
260,"Sebelum Jatuh, Sriwijaya Air SJ182 Delay 30 Menit karena Hujan Deras"
261,Laga Osasuna Vs Real Madrid Terancam Badai Salju
262,"Sriwijaya Air SJ182 Tak Pancarkan ELT, Begini Upaya Pencarian Basarnas"
263,Satu Kru Pesawat Sriwijaya Air SJ182 Hilang Kontak Asal Surabaya
264,KRI Rigel 933 Dikerahkan Cari Pesawat Sriwijaya Air SJ182 yang Jatuh
265,Dirut Sriwijaya Air Sebut Pesawat SJ182 dalam Kondisi Sehat Sebelum Jatuh
266,BMKG Analisis Kondisi Cuaca saat Pesawat Sriwijaya SJ182 Jatuh
267,"Sriwijaya Air yang Jatuh Angkut 53 Penumpang, Termasuk 3 Bayi"
268,KRI Gilimanuk Bergerak ke Pulau Laki Cari Sriwijaya Air SJ182 yang Jatuh
269,Basarnas Identifikasi Serpihan yang Diduga Puing Sriwijaya Air SJ182
270,"Sriwijaya Air Jatuh di Kep Seribu, Diprediksi di Kedalaman 20-an Meter"
271,Menegangkan! Ternyata Begini Rasanya Jadi Penumpang Pesawat Jatuh
272,Menegangkan! Ternyata Begini Rasanya Jadi Penumpang Pesawat Jatuh
273,"Latihan Mengatasi Disorientasi di Udara, Penyebab Utama Pesawat Jatuh"
274,Foto: 10 Pesawat Terbesar di Dunia
275,Saat Pesawat Pengebom Berkemampuan Nuklir Rusia Tiba di Venezuela
276,Polisi Rilis Penipuan Penjualan Tiket Singapore Airlines
277,"Sriwijaya Air yang Jatuh Angkut 53 Penumpang, Termasuk 3 Bayi"
278,Tim DVI Terima Data 20 Keluarga Penumpang Sriwijaya Air SJ182 Jatuh
279,Kapolda Metro-Pangdam Jaya Cek Posko SAR Sriwijaya Air SJ182 di JICT 2
280,"TNI AL Temukan Koordinat Jatuhnya Sriwijaya Air SJ 182, 5 KRI Dikerahkan"
281,"Pesawat Sriwijaya Air Jatuh, Nelayan Tanjung Kait Dengar Dentuman Bak Geluduk"
282,"Pencarian Sriwijaya Air Jatuh, TNI AU Siagakan Heli-Pesawat dan Kopaskhas"
283,Nelayan Lihat Pesawat Sriwijaya Air Jatuh di Kepulauan Seribu Selatan
284,"Pesawat Sriwijaya Air SJ182 Jatuh, KNKT: Penumpangnya Semua Indonesia"
285,Ini Hotline Terkait Jatuhnya Sriwijaya Air SJ182
286,"Kabar Duka, Karyawan PLN Jadi Korban Jatuhnya Sriwijaya Air"
287,Foto: KNKT Cek Turbin Mesin Lion Air PK-LQP
288,Foto: KNKT Cek Turbin Mesin Lion Air PK-LQP
289,Foto: Lion Air PK-LQP Tinggal Puing-puing
290,Potret 24 Jam Pencarian Pesawat Lion AIR PK-LQP
291,Melihat Lebih Dekat Kerusakan Roda Lion Air yang Diangkat dari Laut
292,Melihat Proses Pengangkatan Mesin Lion Air PK-LQP
293,Cuaca Disebutkan Hujan Deras Sebelum Sriwijaya Air SJY-182 Take Off
294,Nelayan Lihat Pesawat Sriwijaya Air Jatuh di Kepulauan Seribu Selatan
295,3 Keluarga TNI AU Jadi Penumpang Pesawat Sriwijaya Air SJ182 yang Jatuh
296,Kediaman Kapten Afwan Pilot Sriwijaya Air SJ182 di Bogor Ramai Didatangi Warga
297,Cara Flightradar24 Pantau Pesawat Sriwijaya Air Hilang Kontak
298,"Investigasi Penyebab Jatuhnya Sriwijaya Air SJ182, KNKT Kumpulkan Data"
299,Kapal Patroli Kemenhub Temukan Benda Diduga dari Pesawat Jatuh
300,Boeing Awasi Perkembangan Jatuhnya Pesawat Sriwijaya Air
301,10 KRI-Penyelam TNI AL Dikerahkan Cari Sriwijaya Air Jatuh Dekat Pulau Laki
302,"Sriwijaya Air SJ182 Jatuh, Sempat Delay 30 Menit Saat Boarding"
303,Ekspresi Rusdi Kirana Saat Amati Puing Lion Air JT 610
304,Ekspresi Rusdi Kirana Saat Amati Puing Lion Air JT 610
305,Basarnas Kumpulkan Puing-puing Pesawat Lion Air JT 610
306,Kenalkan! Sopir Angkot Pembuat Pesawat Nirawak dari Maros
307,"Pesawat Lion Air Jatuh, DPR Cecar Kemenhub"
308,Jokowi Cek Hasil Evakuasi Lion Air JT 610
309,"Sriwijaya Air yang Jatuh Umurnya 26,7 Tahun, Sudah Terlalu Tua atau Belum?"
310,Kapal Kemenhub Temukan Benda Diduga Seluncur Darurat Sriwijaya Air
311,Pesawat Sriwijaya yang Jatuh Merupakan Bekas 2 Maskapai AS
312,Basarnas: ELT Pesawat Sriwijaya Air Tidak Keluarkan Sinyal Bahaya
313,Kemenhub Ungkap Sriwijaya Air SJ182 Belok Misterius
314,"Posko Antemortem Sriwijaya Air Disiapkan di RS Polri, Begini Cara Kerjanya"
315,Kapal Patroli Kemenhub Temukan Benda Diduga dari Pesawat Jatuh
316,"Cuaca Buruk, Penyelam Belum Bisa Terjun ke Titik Jatuhnya Sriwijaya Air SJ182"
317,4 Poin Penjelasan Menhub soal Sriwijaya Air Jatuh Dekat Pulau Laki
318,Berapa Santunan Korban Sriwijaya Air? Ini Kata Jasa Raharja
319,Jangan Sebar Hoax soal Sriwijaya Air!
320,Begini Kronologi Jatuhnya Sriwijaya Air SJ182: Sempat Lost Contact
321,Benda Diduga Seluncur Darurat Sriwijaya Air SJ182 yang Jatuh Ditemukan
322,Pesawat Sriwijaya Air yang Jatuh Berumur 26 Tahun
323,"Boeing 737-500 Sriwijaya Air yang Jatuh Berumur 26,7 Tahun, Ini Riwayat Pemiliknya"
324,"Diduga Tutupi Cacat 737 Max, Boeing Didenda Rp 35 Triliun"
325,Basarnas: ELT Pesawat Sriwijaya Air Tidak Keluarkan Sinyal Bahaya
326,Duka Para Artis Atas Kabar Sriwijaya Air Jatuh
327,15 Fakta Terkini Pesawat Sriwijaya Air Jatuh di Kepulauan Seribu
328,Doa Gading Marten dan Anggun untuk Sriwijaya SJ182
329,Foto Pesawat Boeing 777 Pertama Dunia yang Akan Pensiun
330,Foto Pesawat Boeing 777 Pertama Dunia yang Akan Pensiun
331,"Keren, Deretan Pesawat Militer Termahal Buatan AS"
332,"Lebih Dekat dengan Mobil Berbalut Titanium, Icona Vulcano"
333,Miniatur Pesawat Habibie Jadi Primadona di Festival Ini
334,Foto: Calon Pesawat Bermesin Ganda Terbesar di Dunia
335,"Aturan Perjalanan 9-25 Januari, Kapasitas Pesawat 70% Tak Berlaku"
336,Basarnas: ELT Sriwijaya Air SJ182 yang Jatuh Tak Pancarkan Sinyal
337,Menparekraf Sandi Ajak Traveler Berdoa untuk Penumpang Sriwijaya Air
338,Menkominfo: Jangan Perkeruh Suasana dengan Sebar Hoax Sriwijaya Air
339,Menhub Ungkap Arah Terbang Sriwijaya Air SJ182 Sebelum Hilang
340,"Pesawat Sriwijaya Air Jatuh, Posko Aduan Disiapkan di Terminal 2D Soetta"
341,Ketinggian Sriwijaya Air Berkurang 10 Ribu Kaki dalam 1 Menit
342,Keluarga Penumpang Sriwijaya Air Diharap Bawa Data Antemortem ke Posko DVI
343,"Terdapat 50 Penumpang dan 12 Kru di Sriwijaya Air yang Jatuh, Termasuk 3 Bayi"
344,7 Kapal Kemenhub Dikerahkan Cari Pesawat Sriwijaya Air
345,Foto: Mewahnya Pesawat Terpanjang di Dunia
346,Foto: Mewahnya Pesawat Terpanjang di Dunia
347,"Angkut Logistik dan Relawan, TNI AU Kerahkan 5 Pesawat"
348,"Tidak Hanya Toilet, Kursi Mewah ala Pesawat Juga Terselip di Bus Premium"
349,Keren! Bus Tingkat Mewah Ini Ada Toilet ala Pesawat
350,Foto: Kondisi di Bandara Lombok Setelah Gempa 7 SR
351,Kapal Khusus Baruna Jaya Disiapkan Cari Sriwijaya Air SJ182
352,"Badai Salju dan Pesawat Tak Bisa Mendarat, Laga Atletico Vs Bilbao Ditunda"
353,Basarnas Malam Ini Fokus Cari Titik Lokasi Jatuhnya Sriwijaya Air
354,Kabel-Serpihan Diduga Puing Sriwijaya Air Ditemukan di Pulau Laki
355,Basarnas: Sriwijaya Air Diduga Jatuh di Antara Pulau Laki dan Lancang
356,Menhub Ungkap Arahan Jokowi Setelah Sriwijaya Air SJ182 Jatuh
357,Pesawat Sriwijaya Air Jakarta-Pontianak Hilang Kontak
358,Inikah Penyebab Jatuhnya Boeing 737-500 Milik Sriwijaya Air?
359,Spesifikasi Pesawat Sriwijaya Air yang Jatuh di Kepulauan Seribu
360,Tim SAR Polri Masih Cari Puing Pesawat Sriwijaya Air yang Jatuh
361,Foto: Siklus Kehidupan Pesawat
362,Foto: Siklus Kehidupan Pesawat
363,Ramainya Jalur Pesawat di Bandara Soetta Terminal 3
364,Deretan Kecelakaan Pesawat yang Menimpa Tim Sepakbola
365,Foto: Lounge Mewah Kelas Bisnis Etihad di Abu Dhabi
366,Motor Modifikasi Ini Bergaya Pesawat Tempur
367,Catat! Aturan Baru Wira-wiri Naik Pesawat
368,Kader Hanura-Eks Ketum PB HMI Ada di Pesawat Sriwijaya Air SJ182 yang Jatuh
369,"Sriwijaya Air Jatuh, Posko Antemortem-DVI Disiapkan di RS Kramat Jati"
370,"#SJ182 Menggema di Twitter, Doakan Sriwijaya Air yang Hilang Kontak"
371,"Instagram Sriwijaya Air Diserbu Netizen, Tanya Kabar SJ182"
372,Menhub Pastikan Sriwijaya Air SJ182 Jatuh di Dekat Pulau Laki
373,"Bukan Pesawat, Puing di Perairan Kalteng Ternyata Pecahan Roket China"
374,Polri Siapkan Tim SAR Bantu Pencarian Pesawat Sriwijaya Hilang Kontak
375,"Sriwijaya Air Hilang Kontak di Kepulauan Seribu, Puing-puing Ditemukan"
376,"Sriwijaya Air Hilang Kontak, Keluarga Penumpang Datangi Bandara Pontianak"
377,"Mirip Pesawat Luar Angkasa hingga Kuil, Bangunan Ini Aslinya Stasiun (Bagian 1)"
378,"Mirip Pesawat Luar Angkasa hingga Kuil, Bangunan Ini Aslinya Stasiun (Bagian 1)"
379,Penampakan Pesawat yang Jatuh di Havana dan Bawa 104 Penumpang
380,Tidur Nyaman Rasa Hotel di Pesawat Airbus
381,10 Gaya Santai Fandy Christian Saat Makan Bareng Keluarga
382,"Pesawat, Kaus Khusus, dan Lambaian Tangan di Laga Perpisahan Wenger"
383,Profil Lengkap Sriwijaya Air yang Pesawatnya Hilang Kontak
384,"Netizen Doakan Sriwijaya Air, #SJ182 Nomor Satu di Linimasa"
385,Polisi: Nelayan Dengar Dentuman di Timur Pulau Laki Kep Seribu
386,Basarnas Cari Pesawat Sriwijaya yang Hilang Kontak di Kepulauan Seribu
387,"Mengenal Boeing 737-524, Pesawat Sriwijaya Air yang Hilang Kontak"
388,FlightRadar24: Ketinggian Sriwijaya Air Berkurang 10 Ribu Kaki dalam 1 Menit
389,Penampakan Puing Logam Diduga Badan Pesawat di Kalteng
390,FlightRadar24: Pesawat Sriwijaya Air Hilang Kontak 4 Menit Setelah Lepas Landas
391,"Spesifikasi Boeing B737-500, Pesawat Sriwijaya yang Jatuh"
392,Jejak Radar Sriwijaya Air Jakarta-Pontianak Sebelum Hilang Kontak
393,Foto: Pesawat Southwest yang Mesinnya Meledak dan Mendarat Darurat
394,Foto: Pesawat Southwest yang Mesinnya Meledak dan Mendarat Darurat
395,Foto: Saat Pesawat Terbang Pensiun
396,"Aksi Pesawat Siluman Rp 1,9 Triliun di Angkasa"
397,"Rumah Pohon Gokil, dari Bentuk UFO Hingga Kamuflase"
398,"Kasus Rolls-Royce, Mantan Dirut MRA Kembali Diperiksa KPK"
399,"Sriwijaya Air Hilang Kontak, Polisi Siapkan Posko Kemanusiaan di JICT II"
400,Sriwijaya Air Masih Kumpulkan Data soal Pesawat SJ182 yang Hilang Kontak
401,"Sriwijaya Air Hilang Kontak, Netizen Gaungkan Keselamatan #SJ182"
402,"Sriwijaya Air Hilang Kontak 14.40, Kemenhub: Sedang Investigasi"
403,Pesawat Sriwijaya Air Jakarta-Pontianak Hilang Kontak di Kep Seribu
404,FlightRadar24 Pantau Jejak Sriwijaya Air yang Hilang Kontak
405,"Pesawat Jatuh Timpa Rumah di AS, Tiga Orang Tewas"
406,Sriwijaya Air Jakarta-Pontianak yang Hilang Kontak Pesawat Boeing
407,Bupati soal Sriwijaya Air Hilang Kontak: Infonya Ada Pesawat Jatuh dan Meledak
408,Pesawat Sriwijaya Air Hilang Kontak di Pulau Lancang Kepulauan Seribu
409,Foto: Suasana Saat Jasad Pilot Hanafie Diterbangkan ke Malang
410,Foto: Suasana Saat Jasad Pilot Hanafie Diterbangkan ke Malang
411,Deretan Berita Heboh: PAN Bela Amien hingga Tang Pemotong Cincin
412,"12 Gaya Syahrini Duduk di Kursi First Class Pesawat, Bawa Tas Miliaran"
413,Foto: Inikah Terminal Bandara Termewah Sedunia?
414,Aktor Le Roy Osmani Diperiksa KPK Kasus Emirsyah Satar
415,Pesawat Sriwijaya Air yang Hilang Kontak SJ182
416,Ini Jalur Penerbangan Sriwijaya Air Jakarta-Pontianak Sebelum Hilang Kontak
417,Pesawat Sriwijaya Air Jakarta-Pontianak Hilang Kontak
418,"Aptera, Kendaraan Listrik yang Nggak Butuh-butuh Amat Stasiun Pengisian"
419,"Diteken Menhub, Ini 4 Aturan Perjalanan Dalam Negeri di Masa Pandemi"
420,"Sempat Terkurung di Pesawat, Madrid Akhirnya Tiba di Markas Osasuna"
421,"Pesawat Jatuh Timpa Rumah di AS, Tiga Orang Tewas"
422,Kapolda Papua Kutuk Keras Pembakaran Pesawat MAF: Kami Akan Buru Pelaku
423,"Aura Kasih Perlihatkan Telinga Diperban, Kenapa?"
424,"Harley-Davidson & Brompton Kasus Eks Bos Garuda Belum Dilelang, Kenapa?"
425,Foto: Inikah Pesawat Paling Aneh?
426,Foto: Inikah Pesawat Paling Aneh?
427,Foto: Lilin Menyala Tanda 4 Tahun Hilangnya MH370
428,Detik-detik Pesawat 'Malaikat Maut' AC-130 AS Beraksi di Udara
429,Foto: Pesawat Anti Jetlag
430,24 Pesawat Tempur F-16 Perkuat TNI AU
431,"PPKM Jawa-Bali, Pesanan Jet Pribadi Masih Laris ke Bali-Labuan Bajo"
432,Bandara Terbaik Dunia Itu Kembali Bersinar
433,Australia Batasi Jumlah Kedatangan Luar Negeri untuk Hindari COVID Jenis Baru
434,"Gegara Kasus Corona, Hotel Bandara Terbaik Sedunia di Changi Tutup"
435,Momen Tegang Pesawat MAF Dibakar-Dikepung Massa Bersenpi Laras Panjang
436,"Apes! Pesawat di AS Hilang Dicuri, Kok Bisa Sih?"
437,"Jelang Libur Nataru, Penumpang Pesawat Capai 22 Ribu Orang"
438,Selebgram Erlanggs Tulis Permintaan Maaf soal Pemalsuan Surat PCR
439,Pihak Selebgram Erlanggs dkk Pemalsu PCR Minta Maaf: Itu Kenakalan Remaja
440,Lapan Update soal Puing di Kalteng: Fairing Roket Long March/CZ-8
441,Detik-detik 'Black Eagles' dari Korsel Terbakar di Singapore Airshow
442,Detik-detik 'Black Eagles' dari Korsel Terbakar di Singapore Airshow
443,Pesawat Hypersonic Boeing Bisa Keliling Dunia Hanya 3 Jam
444,Gagah! N219 Terbang di Langit Jawa Barat
445,Potret 6 Pesawat TNI AU Meliuk-liuk di Langit Singapura
446,Foto: Aneka Kursi First Class Maskapai Dunia
447,"Ini Lounge Pribadi Garuda-Citilink, Tempat Pilot-Pramugari Berkenalan"
448,Mahasiswa Kedokteran Pemalsu Surat Tes PCR Terancam DO
449,Ukrida Skors Mahasiswa MFA yang Terlibat Pemalsuan Surat PCR
450,"Ada Tes PCR, Wisatawan ke Bali Saat Libur Akhir Tahun Capai 400.000 Orang"
451,"Harley & Brompton Kasus Garuda Belum Juga Dilelang, Kenapa?"
452,Polisi Sebut Kelompok Separatis Papua Rancang Mogok Nasional 10-11 Januari
453,Detik-detik Pesawat Drone Ditembak Jatuh di Perbatasan Yaman-Saudi
454,"Selebgram @erlanggs Jadi Tersangka Pemalsu Surat PCR, Begini Perannya"
455,Salah Satu Tersangka Pemalsu PCR Adalah Selebgram @erlanggs
456,2 Tindakan Antoine Griezmann dalam Rebut Hati Pemain Barca
457,Foto: Deretan Pria Ganteng yang Dinobatkan Jadi Kru Pesawat Paling Tampan
458,Foto: Deretan Pria Ganteng yang Dinobatkan Jadi Kru Pesawat Paling Tampan
459,Canggihnya Heli dan Pesawat Tempur Buatan PTDI untuk TNI
460,PT DI Kirim 6 Pesawat dan Heli Canggih Buat TNI
461,Melihat Si Planet Gas Raksasa dari Jarak Dekat
462,Foto: Mengintip Jeroan RS Mata Terbang Satu-satunya di Dunia
463,"BNN Musnahkan 73,76 Kg Sabu Sitaan dari 3 Kasus di Sumatera"
464,"Spacebar, Skuter Listrik Lipat yang Super Nyentrik Bergaya Asyik"
465,"Elon Musk, Korban Bully yang Jadi Orang Terkaya Sedunia"
466,Kapolda Papua Duga Pembakaran Pesawat MAF di Intan Jaya Direncanakan KKB
467,"Digoda Irwan Mussry untuk Pacari El Rumi, Begini Respons Pilot Athira Farina"
468,"Dituduh Sembunyikan Masalah 737 Max, Boeing Didenda 35 T"
469,Pesawat Tempur Rusia-China Patroli Udara Bersama
470,'UFO' Berwarna Biru Lintasi Langit Hawaii
471,3 Hal Terungkap dari Pemalsuan Swab PCR Libatkan Mahasiswa Kedokteran
472,"Drama di Pesawat, Wanita Tonjok Ibu yang Bawa Anak"
473,Penampakan Jet Pengebom AS Saat Terbang Dekat Perbatasan Korut
474,Penampakan Jet Pengebom AS Saat Terbang Dekat Perbatasan Korut
475,Sangarnya Latihan Militer AS-Korsel yang Bikin Korut Geram
476,"Foto: Atraksi Bahaya, Terjun Masuk ke Pesawat di Ketinggian 4.000 Meter"
477,"Punya Rumah dari Bangkai Pesawat, Siapa Takut?"
478,Aksi Jet Tempur AS yang Disebut Trump Tak Terlihat
479,"Emirates Kenalkan Kelas Ekonomi Premium di Armada A380 Baru, Setara Bisnis"
480,KKB Bakar Pesawat MAF di Intan Jaya Papua
481,Kronologi Perjalanan Richard Muljadi ke Bali dan Kata Lion Air
482,Serikat Pramugari AS Minta Massa Trump yang Rusuh Dilarang Terbang
483,Pengadilan Irak Perintahkan Tangkap Trump Atas Serangan Drone
484,"Hindari Lockdown, David Beckham Boyong Keluarga ke Miami"
485,"Wajib Rapid Antigen, Penumpang di Soetta Kecewa"
486,"Pemalsu Swab PCR Lolos ke Bali, Polisi Koordinasi ke Pihak Bandara Soetta"
487,Doni Puji Polisi Tangkap Pemalsu Hasil Swab PCR yang Diviralkan dr Tirta
488,Apa Itu PPKM yang Gantikan PSBB Jawa-Bali? Ini Info Lengkapnya
489,Yoshihide Muroya Menjuarai Red Bull Air Race World Championship 2017
490,Yoshihide Muroya Menjuarai Red Bull Air Race World Championship 2017
491,Foto: Pesawat Kargo Sewaan Tentara Prancis Jatuh di Pantai Gading
492,Rangkaian Foto Ini Ungkap Sisi Lain di Balik Senyum Pramugari
493,"Mewahnya Jet Pribadi Buatan Kanada, Harga Mulai Rp 1 Triliun"
494,Pesawat Terbang Kertas di Stadion Wembley
495,"Sempat Disinggung dr Tirta, 3 Pemalsu Hasil Swab PCR Dibekuk Polda Metro"
496,"Kasus Corona China Melonjak Lagi, Tertinggi Sejak 5 Bulan Sebelumnya"
497,"Bukan Cuma Kuliner, Pantai Indah Kapuk 2 Juga Punya Pantai Pasir Putih"
498,"Laut China Selatan Memanas, MPR: Kedepankan Pendekatan Diplomasi"
499,Liburan Hemat ala Richard Muljadi dan Rencana Sandiaga Uno
500,Lion Air Terbang Tiap Hari ke Ternate dari Surabaya
501,Terkuak Misteri Puing Logam Ternyata Bagian Roket China Meledak
502,10 Ribu Dosis Vaksin COVID-19 Tiba di Sulawesi Barat
503,"Fakta CNSA, Kibarkan Bendera China di Bulan Hingga Bawa Sampelnya ke Bumi"
504,Inggris Berencana Perketat Peraturan untuk Wisatawan Asing
505,"Helikopter di Tembagapura Ditembaki, Pelaku Diduga KKB Kali Kopi"
506,Itung-itungan Tiket Pesawat Komersial Richard Muljadi Vs Private Jet
507,Pertama Kali Amazon Beli Pesawat Sendiri Untuk Kirim Barang
508,NasDem Minta Kemhan-TNI Turut Investigasi Puing Roket China di Kalteng
509,Analisis Lapan soal Puing di Kalteng: Tak Sepenuhnya Meyakinkan Bekas Roket
510,Aturan Perjalanan Naik Pesawat Versi Pemerintah Pusat
511,"Puing Roket China Ditemukan di Kalteng, PKS Soroti Kesigapan Kemhan"
512,Kiprah CNSA: Peluncuran Luar Angkasa dengan Awak hingga Pendaratan di Bulan
513,"Awal Tahun, AirAsia Gelar Promo Tiket dan Hotel Hingga 60%"
514,"Foto: Korut Ancam Serang Guam, Jet Tempur AS Unjuk Kekuatan"
515,"Foto: Korut Ancam Serang Guam, Jet Tempur AS Unjuk Kekuatan"
516,"Foto: Korut-AS Memanas, Akankah Pesawat Siluman Ini Beraksi?"
517,"Yuk, Intip Gaya Penyajian Makanan di Dalam Pesawat Tahun 50-an"
518,Melihat Pesawat N219 yang Dirancang Terbangi Pulau Terpencil
519,Pesawat CN235 Buatan Bandung Juga Mejeng di Kemayoran
520,Space Sweepers Film Song Joong Ki Tayang di Netflix 5 Februari 2021
521,"Bukan Pesawat, Puing di Perairan Kalteng Ternyata Pecahan Roket China"
522,Richard Muljadi Pesan Semua Kursi Pesawat Bali-Zona Merah COVID-19
523,"Tak Terkait Roket China, Life Jacket yang Ditemukan Berasal dari Kapal Panama"
524,20 Maskapai Teraman Dunia Tahun 2021
525,Life Jacket yang Ditemukan di Kalteng Tak Terkait Puing Roket China
526,Detik-detik Batu dari Bulan yang Dibawa China Tiba di Bumi
527,"Puing Ditemukan di Kalteng, Begini Cerita Roket China Meledak 10 April Silam"
528,Puing Logam di Perairan Kalteng Ternyata Pecahan Roket China!
529,"Selain Puing Diduga Badan Pesawat, Polda Kalteng Juga Temukan Pelampung"
530,Boeing 747 'Disulap' Jadi Rumah di Tengah Hutan
531,Boeing 747 'Disulap' Jadi Rumah di Tengah Hutan
532,Korban Pesawat Jatuh di Pantai Myanmar Dievakuasi
533,Begini Nyamannya Mudik dengan Bus Mewah
534,Mengintip Keindahan Semesta dari Kokpit Pesawat
535,Penampakan Pesawat Terbesar Sedunia Karya Pendiri Microsoft
536,"Puing Logam Ada Tulisan 'CNSA' Ditemukan di Kalteng, Lapan Duga Bagian Roket"
537,Geger Temuan Puing Logam Diduga Badan Pesawat Bertuliskan CNSA
538,"Ada Tulisan CNSA, Ini Titik Penemuan Puing Diduga Badan Pesawat di Kalteng"
539,Paus Fransiskus Ajak Traveler Lebih Peduli di Tengah Pandemi
540,Pekan Paling Mematikan di Amerika Serikat Akibat Covid-19
541,"Viral di Tiktok, Penumpang Pesawat Diduga Nonton Video Hot"
542,Detik-detik Batu dari Bulan yang Dibawa China Tiba di Bumi
543,Polisi Cek Puing Diduga Badan Pesawat di Kalteng: Ada Tulisan CNSA
544,"Arab Saudi Kembali Buka Penerbangan, Pesawat Langsung Penuh"
545,"14.680 Vaksin Corona Tiba di Kalteng, Kapolda: Distribusi Tak Boleh Terganggu"
546,Soetikno Soedarjo Diperiksa Sebagai Tersangka
547,Soetikno Soedarjo Diperiksa Sebagai Tersangka
548,"Nostalgia Concorde, Pesawat Unik dengan Kecepatan Supersonik"
549,"Lounge First Class Garuda Indonesia, Mewah Banget"
550,Indo MXGP di Badan Pesawat Sriwijaya Air
551,Menhub Resmikan Gedung Baru DKUPPU
552,Masa Berlaku Rapid Antigen untuk Penerbangan Pesawat
553,Jet Tempur China 380 Kali Menyusup ke Wilayah Taiwan pada 2020
554,"Pamer Lifehack Terbang ke Bali, Richard Muljadi Maskernya Kok Pakai Selang?"
555,"Richard Muljadi Pesan Semua Kursi Pesawat ke Bali, Ini Kata Lion Air"
556,"Trik Terbang Aman ke Bali ala Richard Muljadi, Pesan Semua Kursi?"
557,Totalitas! Pelayan Restoran di Yogyakarta Ini Berpakaian Adat Jawa
558,"Naik Sayap Pesawat, Pria di Las Vegas Bikin Geger"
559,KNKT Investigasi Puing Diduga Badan Pesawat Ditemukan di Kalteng
560,Puing Diduga Badan Pesawat di Kotawaringin Barat Serpihan AirAsia QZ8501?
561,"Enggan Hadiri Pelantikan Joe Biden, Trump Mau Berlibur ke Skotlandia"
562,Belasungkawa untuk Chapecoense Mengalir dari Netizen
563,Belasungkawa untuk Chapecoense Mengalir dari Netizen
564,"Pesawat Jatuh di Kolombia, 75 Orang Tewas"
565,Citilink Terapkan Elektronik Flight Bag di Kokpit
566,Pesawat American Airlines Terbakar di Chicago
567,Pesawat Cawapres AS Mike Pence Tergelincir
568,Profesor Harvard Yakin Alien Datang ke Bumi di 2017
569,Puing Diduga Badan Pesawat Ditarik ke Dermaga Pelabuhan KSOP Kumai
570,Puing Logam Diduga Badan Pesawat Ditemukan di Kotawaringin Barat
571,"Mobil Baru yang Bakal Meluncur di RI Tahun Ini, Raize-Rocky Hingga City Hacthback"
572,Gemas Banget! Ada Pesawat Bertema Pokemon di Jepang
573,Misteri Tersisa dari Geger 'Drone' di Selayar Ternyata Seaglider
574,Gerombolan Tawon Jadi Ancaman Dunia Penerbangan
575,Gila! Penumpang Ini Selamat Setelah 11 Jam Numpang di Roda Pesawat
576,Thailand Open Jadi Pemanasan Tim Bulutangkis Indonesia
577,"Bikin Panik, Dua Tamu Nekat Terjun dari Atap Hotel Mewah Pakai Parasut"
578,Puing Pesawat EgyptAir Ditemukan
579,Puing Pesawat EgyptAir Ditemukan
580,Menanti Kabar EgyptAir MS804
581,Tim Penyelidik Prancis Cari EgyptAir
582,Pencarian Pesawat EgyptAir
583,Keluarga Penumpang EgyptAir Cemas
584,"Liburan Selama Pandemi, Dimintai Bukti Rapid Antigen di Bali"
585,"Media Asing Soroti Seaglider Misterius, Pesawat Jatuh Timpa Rumah Warga AS"
586,Jumlah Penumpang Pesawat Turun Drastis
587,Ini Momen Gisel Jemput Anak yang Jadi Alasan Mangkir Panggilan Polisi
588,"Bawa Banyak Nasi Saat Naik Pesawat, Netizen : Mirip Emak Gue!"
589,"Cegah Covid-19, Thailand Larang Penumpang Pesawat Makan dan Minum"
590,Pesawat Luar Angkasa Chang'e-5 Mendarat dengan Mulus di Bulan
591,Media Asing Soroti Penemuan Seaglider Misterius di Indonesia
592,"Jadi Syarat Naik Pesawat, AirAsia Tawarkan Rapid Antigen Harga Miring"
593,"Pesawat Jatuh Menimpa Rumah Warga di AS, 3 Orang Tewas"
594,PTDI Pamerkan Pesawat N219 di Singapura
595,PTDI Pamerkan Pesawat N219 di Singapura
596,Rumah Tempat Jatuhnya Pesawat TNI Diratakan
597,"Pesawat Militer Myanmar Jatuh, 4 Tentara Tewas"
598,Pesawat Super Tucano Jatuh di Malang
599,Kabin Mewah dari Garuda
600,Mengenal Teknologi Seaglider yang Ditemukan di Selayar
601,"Vaksin COVID-19 Tiba di Jayapura, Langsung Dibawa ke RSUD Dok II"
602,"Tuntut Balas Dendam, Warga Irak Peringati 1 Tahun Pembunuhan Jenderal Iran"
603,"Pesawat Jatuh Timpa Rumah di AS, Tiga Orang Tewas"
604,"Masjid di Beijing Tutup, Pesawat N219 Diborong Buat Pariwisata Pariwisata"
605,"Hari Terakhir Libur Tahun Baru, 80 Ribu Penumpang Pesawat Tiba di Soetta"
606,Curhatan Kru Kabin Pesawat Soal Terbang di Masa Pandemi Corona
607,Cerita Mereka soal yang Beda Kala Liburan di Tengah Pandemi Corona
608,Syarat Naik Pesawat hingga Pemerintah Sempat Kurang Kamar Karantina
609,"Maskapai Arab Saudi Buka Penerbangan Internasional Lagi, Ini Syaratnya!"
610,China-Rusia Bikin Pesawat Jumbo
611,China-Rusia Bikin Pesawat Jumbo
612,Kesedihan Keluarga Korban Pesawat Rusia
613,Jenazah Korban Pesawat Rusia Dievakuasi
614,Pesawat Rusia Jatuh dan Hancur
615,Pembuatan Pesawat N219 Sudah Tahap Final
616,"Terharu, 2 Wanita Tuli Terpilih Jadi Pramugari di Maskapai Afrika"
617,"Duh, Akses Jalan Menuju Bandara Ngloram Masih Memprihatinkan"
618,3 Spot Berburu Sunset Menawan di Pangandaran
619,Bangga! Pesawat N219 Buatan Indonesia Siap Diborong Buat Pariwisata
620,Cerita Penumpang Pesawat di Bandara Soetta Usai Liburan Saat Pandemi
621,Menhub Tinjau Bandara Ngloram Jelang Operasi
622,Curhatan Kru Kabin Pesawat Soal Terbang di Masa Pandemi Corona
623,"Wisata Live on Board Naik Pinisi, Kayak Apa Sih?"
624,"Besok, TNI AL Jelaskan soal Benda Diduga Drone yang Ditemukan di Selayar"
625,"Mantan Ratu Kecantikan Berulah Lagi, Ditangkap karena Kabur dari Karantina"
626,Pesawat Militer Kolombia Jatuh
627,Pesawat Militer Kolombia Jatuh
628,Aksi-aksi Mendebarkan Tom Cruise di 'Mission: Impossible Rogue Nation'
629,Puing Pesawat Ditemukan di Samudra Hindia
630,Keandra Adila Alghifari
631,"Pesawat Kecil Jatuh di Tokyo, 3 Orang Tewas"
632,"Puncak Arus Balik Diprediksi Hari Ini, Begini Suasana di Bandara Soetta"
633,"Antisipasi Corona Meningkat Lagi, China Larang Warga Mudik Saat Imlek"
634,10 Game Seru yang Wajib Dimainkan di Tahun 2021
635,5 Destinasi Road Trip Pilihan di Indonesia untuk Liburan
636,"Hendak ke Bali Pakai Surat Tes Corona Palsu, Pria di Sumbawa Diamankan"
637,7 Fakta Menarik Samudra Pasifik yang Patut Diketahui
638,"Promo Tiket Pesawat Murah, Situs dan App Sriwijaya Air Sempat Down"
639,"Awali Tahun 2021, Taiwan Buka Kesempatan Berdialog dengan China"
640,"Jelang Thailand Open, Mohammad Ahsan Deg-degan Tunggu Ini"
641,Jenazah Habib Ja'far Alkaff Diterbangkan dari Samarinda Menuju Semarang
642,Peti Jenazah Disiapkan di RS Adam Malik
643,Peti Jenazah Disiapkan di RS Adam Malik
644,Keluarga Korban Hercules Penuhi RS Adam Malik
645,141 Kantong Jenazah Korban Hercules Dievakuasi ke RS Adam Malik
646,Keluarga Korban Hercules Datangi Pos Ante Mortem
647,Duka Keluarga Korban Hercules
648,"Liburan ke Jepang, Syahrini Dimanjakan Makanan Mewah oleh Reino Barack"
649,"Liburan Singkat di Semarang, Ini Rekomendasi Destinasinya"
650,Cerita di Balik Ketatnya Pengawalan Vaksin Corona
651,AirAsia Kembali Terbang ke Bali-Labuan Bajo dan Semarang
652,"Bom Meledak di Pinggir Jalan Sinai Utara Mesir, 2 Polisi Tewas"
653,Seorang Wanita di Lebanon Tewas Kena Tembakan Nyasar pada Malam Tahun Baru
654,Cerita Penumpang Satu Pesawat Bersama Rizieq: Dikawal Ketat Dia
655,Mini Zoo di Kuningan Bisa Jadi Pilihan Nikmati Liburan Awal Tahun
656,Timeline Sejarah Boeing 737 Max: Mahakarya Tersukses-Paling Bermasalah
657,"Ortu yang Ditolak Naik Pesawat Akhirnya Berwisata Juga, tapi Tanpa Balitanya"
658,Pesawat dan Kapal TNI Patroli Amankan KAA
659,Pesawat dan Kapal TNI Patroli Amankan KAA
660,KSAL Serahkan 4 Pesawat Latih Bonanza G36
661,KSAU Bertemu Pimpinan DPR
662,Monumen Keselamatan Penerbangan Mulai Dibangun
663,"Asiana Airlines Tergelincir, 23 Orang Terluka"
664,"Sebelum Berlibur, Perhatikan Dulu Syarat Naik Pesawat Berikut Ini"
665,Alokasi Dana dari Iran untuk Korban Salah Tembak Pesawat Ukraina
666,"1,8 Juta Vaksin Sinovac Datang, Dibawa ke Mana?"
667,Desember: Benteng Vastenburg Tempat Karantina di Solo - Jauhi Zona Merah Saat Liburan
668,"WNA Dilarang ke RI 1-14 Januari, Kecuali yang Masuk Kategori Ini"
669,"Tahun baru, Neymar Dilaporkan Gelar Pesta Undang Banyak Selebgram Seksi"
670,Penumpang Pesawat di Soetta yang Terjebak Macet Diangkut Bus-Truk
671,"RI Punya 3 Juta Vaksin Sinovac, Nakes yang Pertama Jalani Vaksinasi"
672,"Kini RI Punya 3 Juta Vaksin Sinovac, Siap Dipasok ke 34 Provinsi"
673,"Iran Beri Rp 2,1 M untuk Penumpang Pesawat Ukraina Korban Salah Tembak"
674,Begini Kondisi Rumah yang Kejatuhan Pesawat Jupiter
675,Begini Kondisi Rumah yang Kejatuhan Pesawat Jupiter
676,Enam Pesawat Tim Jupiter TNI AU Tiba di Halim
677,Cantik! Pemandangan Hasil Jepretan dari atas Pesawat
678,"Manuver Maut The Jupiter Saat HUT ke-69 TNI, Ini Fotonya"
679,Indonesia Travel Fair Dipadati Pengunjung
680,"1,8 Juta Vaksin Tambahan dari Sinovac Resmi Tiba di RI"
681,"Catat, Ini Syarat Naik Pesawat Lion Air dan Citilink di Akhir Tahun"
682,Kondisi Bandara Yaman Usai Terjadi Ledakan
683,Terbongkar Pencurian di Soetta Libatkan Warga Afghanistan Pencari Suaka
684,"5 Hujan Paling Aneh, dari Laba-laba Sampai Hujan Emas"
685,Isu Indonesia Mundur Bikin Korsel Rugi di Proyek Jet Tempur
686,Calon Penumpang Pesawat Pasrah Terjebak Macet ke Bandara Soetta
687,"Ledakan di Bandara Yaman, 26 Orang Dinyatakan Tewas"
688,Orang Terkaya Dunia Persembahkan Roket Luar Angkasa untuk Ibunya
689,Sindir Trump Gagal Sebab Program Vaksinasi Corona Tertinggal
690,Rolls-Royce Bangun Pabrik Mesin Pesawat di Singapura
691,Rolls-Royce Bangun Pabrik Mesin Pesawat di Singapura
692,"Komisi V Raker dengan Menhub, Kabasarnas dan Ketua KNKT"
693,2 Jenazah Korban AirAsia Diterbangkan ke Surabaya
694,Pesawat Ajudan Presiden Filipina Tergelincir
695,Satgas SAR TNI Pantau Evakuasi Badan QZ8501
696,Kredit Perbankan Lesu Dihajar Pandemi
697,Larangan Mudik di Tengah Corona dan Sederet Kontroversinya
698,"Apes! Legenda Zambia Ini Klaim Ungguli Rekor Messi, tapi Tak Diakui"
699,Balada FPI dan Habib Rizieq yang Sering Dicekal Media Sosial
700,"Mau Berlaga ke Thailand, Tim Bulutangkis RI Perlu Siapkan Ini"
701,Rapid Antigen Jadi Biang Kerok Penumpukan Penumpang di Bandara Juanda
702,Calon Penumpang Pesawat Pasrah Terjebak Macet ke Bandara Soetta
703,"Beli Laptop Hasil Curian di Bandara Soetta, WN Afganistan Ikut Ditangkap"
704,3 Buku yang Tetap Terbit Meski Dihadang Pandemi
705,"Libur Akhir Tahun, Ini Syarat Naik Pesawat Garuda Indonesia"
706,Ini Dia Barang Penumpang AirAsia yang Sudah Ditemukan
707,Ini Dia Barang Penumpang AirAsia yang Sudah Ditemukan
708,Jenazah Korban AirAsia Kembali Tiba di Pangkalan Bun
709,Serpihan Pesawat AirAsia QZ8501
710,Basarnas Kembali Evakuasi 2 Jenazah Korban AirAsia
711,Jenazah Korban Pesawat AirAsia ke-42 Dievakuasi
712,"Dari Jualan Drone, Pria Misterius Ini Raup Rp 67 Triliun"
713,"Penumpang Pesawat Membludak saat Libur Nataru, Tembus 123.000 Per Hari"
714,Polisi Tangkap Pelaku Pencurian Laptop Penumpang di Bandara Soetta
715,"2021, Bandara Ngloram Bakal Layani Penerbangan Komersil"
716,Juli: Munculnya Gunung Tertinggi Dunia - Skandal Seks di Hotel Karantina
717,Indonesia Disebut Mundur dari Proyek Jet KF-X dan Bikin Rugi Korsel
718,Saksi Sebut Anita Sewa Pesawat untuk Jemput Djoko Tjandra di Pontianak
719,Biden Sebut Program Vaksinasi Corona Trump Jauh Tertinggal
720,Canggih! Kirim Paket Pakai Drone Semakin Nyata
721,"Akhirnya, Aksi Pria Misterius Terbang dengan Jetpack Tertangkap Kamera"
722,Inilah Serpihan-serpihan yang Ditemukan KRI Bung Tomo
723,Inilah Serpihan-serpihan yang Ditemukan KRI Bung Tomo
724,Penyelam Rusia Tiba di Pangkalan Bun
725,Tim Penyelam TNI AL Siap Cari Bangkai AirAsia
726,Pesawat CN-235 Dapati Benda Terapung di Lokasi Jatuhnya AirAsia
727,Beriev Be-200 Rusia Siap Cari Black Box AirAsia
728,Benda Diduga Drone di Laut Selayar Masih Jadi Teka-teki
729,RI Garap Proyek 36 Garbarata buat India Rp 303 Miliar
730,"Menegangkan, Pesawat Mendarat Darurat karena Co-Pilot Pingsan"
731,Nasabah Bank Bisa Beli Tiket Pesawat Hingga Voucher Game Sekali Klik
732,Satgas Bandara Soetta Berlakukan Karantina 5 Hari bagi WNI-WNA dari LN
733,"10 Hotel Medan Terbaik, Cocok untuk Libur Akhir Tahun"
734,Saksi Sebut Anita Sewa Pesawat untuk Jemput Djoko Tjandra di Pontianak
735,Juni: Wanita Berhijab Dilecehkan - Kisah Turis 2 Bulan di Rumah Orang Utan
736,"WNA Dilarang Masuk RI, Bagaimana Nasib Penumpang Garuda?"
737,Ultimatum Rusia ke Alexei Navalny: Segera Pulang Atau Dipenjara!
738,Mei: Daftar Liburan 2020 - 11 Negara yang Bebas COVID-19
739,Gubsu Ungkap Sulit Cek Hasil Tes Antigen Warga yang Masuk Lewat Darat-Laut
740,Pemprov Aceh Terima Model Pesawat Nurtanio Meski Pembeliannya Banjir Kritik
741,"Boeing 737 Max Akhirnya Terbang Lagi, Bawa Penumpang di AS"
742,"Ada Bandara Buntu Kunik, Makassar-Tana Toraja Cuma Setengah Jam"
743,Tahun Pembuktian Ekonomi Digital
744,Naik Pesawat Diklaim Lebih Aman Dibanding Belanja di Supermarket
745,Kamera di Benda Mirip Rudal Masih Nyala Saat Ditemukan Nelayan di Selayar
746,"George Blake, Agen Ganda Mata-mata Soviet dan Inggris Meninggal di Rusia"
747,Misteri Pemilik Benda Mirip Rudal Terpasang Kamera di Laut Selayar
748,Jokowi Bertolak ke Korea
749,Jokowi Bertolak ke Korea
750,"Pesawat Timpa Rumah, 6 Orang Tewas"
751,Merasakan Terbang Dengan CN-295
752,Skadron Udara F-16 di Pekanbaru Resmi Beroperasi
753,"Talulah Riley, Istri 'Iron Man' yang Super Hot"
754,"Di Tengah Kecemasan Varian Virus Baru, Oman Buka Bandara Internasionalnya"
755,"Nelayan Selayar Temukan Benda Berkamera Mirip Rudal, TNI AU: Bukan Milik Kami"
756,Kalbar Tetap Sanksi Batik Air karena Tak Mau Dianggap Toleransi Pelanggar
757,Maret: COVID-19 Bikin Traveler RI Kabur ke Singapura
758,6 Misi Luar Angkasa Bersejarah Sepanjang Tahun 2020
759,"Garuda Terbitkan Surat Utang, Tahap Pertama Cair Rp 1 T"
760,Ini Alasan Harga Tiket Pesawat Disubsidi Pemerintah
761,Februari: Orang Utan Selamatkan Manusia - Wuhan dan Daegu Jadi Kota Hantu
762,China Perintahkan Jack Ma untuk Rombak Bisnis Ant Group
763,Pesawat N219 Nurtanio Karya Anak Bangsa Kantongi Sertifikat Laik Udara
764,Keluarga Korban MH17 Cari Kepastian
765,Keluarga Korban MH17 Cari Kepastian
766,Keluarga Korban MH17 Cari Kepastian
767,SBY Ucapkan Belasungkawa Atas Jatuhnya MH17
768,Lilin dan Karangan Bunga untuk Korban MH17
769,Penampakan Para Pesawat Hindari Langit Ukraina
770,Roger Federer Absen di Australia Terbuka 2021
771,"Rayakan Peluncuran Vaksin, Pilot Gambar Jarum Suntik di Angkasa"
772,Aturan Penerbangan Internasional yang Baru dari Arab Saudi
773,Arab Saudi Perpanjang Larangan Masuk untuk Pesawat Komersial
774,Hore! Sertifikasi Pesawat N219 Nurtanio Akhirnya Rampung
775,"Wonder Woman Bisa Terbang di Film, Ini Sejarah di Versi Komiknya"
776,Ini Alasan Harga Tiket Pesawat Disubsidi Pemerintah
777,4 Penampakan UFO Misterius yang Belum Terpecahkan
778,Alien Tidak Datang ke Bumi Mungkin karena Berat di Ongkos
779,Bandara Soetta Diklaim Diminati Investor Asing
780,"Larang Batik Air ke Pontianak, Gubernur Kalbar: Tak Ada Maladministrasi"
781,Kakorlantas Mabes Polri Pantau Pelabuhan Ketapang
782,Calon Penumpang Pesawat Positif Corona di Bandara Bisa Minta Refund
783,"Wajib Tes PCR, Penumpang Pesawat Bandung-Bali via Bandara Husein Sempat Turun"
784,"Angkasa Pura II Perkirakan 2,1 Juta Warga Pakai Pesawat Selama Libur Nataru"
785,"Naik Pesawat Wajib Rapid Antigen, Sudah Berapa yang Reaktif Corona?"
786,Kepala BNN: Banyak Perempuan Indonesia Dimanfaatkan Jadi Kurir Narkoba
787,"Usai Natal, PT Angkasa Pura II Hadapi Puncak Libur Tahun Baru-Arus Balik"
788,Komisi V DPR Minta Kemenhub Dukung Gubernur Kalbar soal Pelarangan Batik Air
789,Daftar Negara yang Mulai Vaksinasi COVID-19 Tahun Ini
790,Keberadaan Pesawat MAS Masih Misterius
791,Keberadaan Pesawat MAS Masih Misterius
792,Wajah Sedih Keluarga Penumpang Pesawat MAS
793,Pencarian Pesawat MAS Terus Berlanjut
794,Duka Keluarga Korban Pesawat Malaysia Airlines
795,Mengintip Pramugari AirAsia di Kolam Renang
796,Andre Rosiade Dorong Pemeriksaan Penerapan Jaga Jarak di Pesawat
797,"Liburan Singkat di Semarang, Ini Rekomendasi Destinasinya"
798,Anggota DPR Dukung Gubernur Kalbar Larang Batik Air Terbang ke Pontianak
799,PAN Apresiasi Gubernur Kalbar Bongkar Suket Palsu Penumpang Batik Air
800,"Larang Batik Air Terbang, Gubernur Kalbar Dinilai Tak Punya Wewenang"
801,"Batik Air Bawa 5 Penumpang Positif COVID, Penumpang Lain Bisa Tertular?"
802,Kepala BNN: Banyak Perempuan Indonesia Dimanfaatkan Jadi Kurir Narkoba
803,"Dilarang ke Pontianak, Bagaimana Penumpang Batik Air yang Sudah Beli Tiket?"
804,"Ada Asap di Kabin Pesawat, Penumpang Disuruh Lari Selamatkan Diri"
805,Penampakan Batuan Asteroid yang Dibawa Jepang
806,Kontingen Garuda XXXII-C/Minustah Tiba di Haiti
807,Kontingen Garuda XXXII-C/Minustah Tiba di Haiti
808,Melongok Radar CRS 2215 Milik TNI AU
809,KSAD Terbangkan Helikopter
810,Chevrolet Gaet AirAsia
811,Lanudal Juanda Dijaga Ketat
812,Pilot Maskapai Taiwan Dipecat Gegara Tak Patuhi Protokol Kesehatan
813,Masjid di Gaza Terdampak Roket Israel
814,"Calon Penumpang Positif COVID Bisa Refund Tiket, Ini Respons Bos Garuda"
815,Menhub: Calon Penumpang Pesawat Positif COVID Bisa Reschedule atau Refund
816,"Boeing 737 MAX Mendarat Darurat, TKW Asal Sumut Dibunuh di Malaysia"
817,"Tes COVID-19 di Bandara Positif, Calon Penumpang Bisa Refund Tiket"
818,Penularan Corona di Pesawat Sangat Rendah Ketimbang Kesambar Petir
819,"Gubernur Kalbar Larang Batik Air Terbang, Kemenhub Ingatkan soal Wewenang"
820,"Larang Batik Air Terbang, Gubernur Kalbar Juga Sentil Kemenhub"
821,Sejak Kapan Orang Papua Makan Pinang?
822,TNI AU Paksa Turun Pesawat Musuh
823,TNI AU Paksa Turun Pesawat Musuh
824,Pesawat Milter AS Jatuh di Kirgiztan
825,Pesawat Terbang Bertenaga Surya Melintasi AS
826,Nurtanio 'Sikumbang' Pesawat Pertama Indonesia
827,Ini Dia CVR Lion Air yang Jatuh di Bali
828,"Gubernur Kalbar Larang Terbang ke Pontianak, Ini Respons Batik Air"
829,Sentuhan Perbankan di Ujung Utara Indonesia
830,"Gubernur Kalbar Larang Batik Air Terbang, Kemenhub Singgung soal Kewenangan"
831,"Dilarang Gubernur Kalbar Terbang ke Pontianak 10 Hari, Ini Kata Batik Air"
832,"Ada Masalah Mesin, Boeing 737 MAX Air Canada Mendarat Darurat"
833,Israel Serang Balik Gaza Usai Ditembak 2 Roket
834,2 Penumpang 'Duel' di Pesawat Gegara Masker
835,Pergi ke Turki Wajib Bawa Surat Negatif Tes PCR Mulai Senin
836,Ide Seru Rayakan Momen Hangat Tahun Baru 2021
837,"Pesawat Mau Takeoff, 2 Penumpang dan Anjingnya Kabur Lewat Pintu Darurat"
838,Perayaan Tahun Baru di Dalam Pesawat Garuda
839,Perayaan Tahun Baru di Dalam Pesawat Garuda
840,"Pesawat Rusia Red Wings Jatuh, 4 Orang Tewas"
841,"Pesawat Myanmar Mendarat Darurat, 2 Orang Tewas"
842,KNKT Beberkan Hasil Akhir Investigasi Sukhoi
843,Truk Gendong Pesawat
844,"Pesawat Ini Sudah Mendarat, Eh Ternyata Salah Tujuan"
845,Tes COVID-19 di Bandara Soetta Tembus 10.151 Orang
846,Gubernur Kalbar Larang Batik Air Terbang ke Pontianak 10 Hari
847,"Terbang Wajib PCR-Rapid Antigen, Penumpang Pesawat Tetap Naik 26%"
848,"Ada Mutasi Corona Ganas, Penumpang Pesawat dari Inggris Wajib PCR H-3"
849,"Gubernur Kalbar: 5 Penumpang Pesawat Positif COVID, Diduga Bawa Suket Palsu"
850,Melihat Penampakan Pesawat Garuda Indonesia Kenakan Masker
851,4 Tips Kumpul-kumpul Online Saat Libur Natal Agar Tidak Bosan
852,"Guppy, Pesawat Aneh Super Besar yang Pernah Dibuat"
853,Jerman Catat Kasus Pertama Varian Baru Corona yang Berasal dari Inggris
854,Api Membara Saat Pesawat Jatuh di BAS
855,Api Membara Saat Pesawat Jatuh di BAS
856,Ini Dia Lokasi Pesawat Jatuh di Bandung
857,Pelajar Serbu Bandung Air Show
858,"Sita Air Terbakar, 19 Orang Tewas"
859,Motor Modif Terinspirasi dari Pesawat Jet F-16
860,Begini jadinya Kereta Sinterklas Diganti Mobil Lexus
861,Penumpang dari Bandara PT AP II Capai 735 Ribu pada 18-23 Desember
862,"Dibanding Nataru Tahun lalu, Penumpang di Bandara Banyuwangi Turun 51%."
863,Penumpang YIA Kini Bisa Rapid Test di Bandara Adisutjipto
864,"H-1 Natal, Bandara Soetta Masih Dipadati Penumpang"
865,Trump Tunjuk Hidung Iran soal Serangan Roket Dekat Kedubes AS di Irak
866,Puluhan Jet Tempur TNI AU Kerahkan Kemampuan Maksimal di Lumajang
867,Perhatian! Subsidi Tiket Pesawat Masih Lanjut di 2021
868,"Garuda Siap Bawa Vaksin Corona, Keberatan Kalau Dibawa Maskapai Lain"
869,Liburan Naik Mobil dalam Area Jabodetabek Tak Perlu Rapid Test Antigen
870,Jenazah Kameramen TransTV Tiba di Surabaya
871,Jenazah Kameramen TransTV Tiba di Surabaya
872,Jenazah Didik Korban Sukhoi Tiba di Rumah Duka
873,Jenazah Korban Sukhoi Diserahkan ke Keluarga
874,Tangis Keluarga Korban Sukhoi Pecah di RS Polri
875,Tembok Kota Ikut 'Menangisi' Tragedi Sukhoi
876,"Soal Antrean Rapid Test di Bandara Soetta, Polisi Imbau Prokes Diterapkan"
877,Nekat! Penumpang Melompat Keluar Saat Pesawat akan Lepas Landas
878,Sistem Kesehatan di California Kritis
879,"Jelang Libur Nataru, Penumpang Pesawat Capai 22 Ribu Orang"
880,"Hari Ini Puncak Mudik di Akhir Tahun 2020, Terminal Domestik Soetta Ramai"
881,Kemenhub Pastikan Subsidi Tiket Pesawat Lanjut Hingga 2021
882,22 Orang Tewas dalam Kecelakaan Pesawat Militer Ukraina
883,"Kasasi Ditolak, Eks Dirut Garuda Emirsyah Satar Tetap Dibui 8 Tahun"
884,Fatal! Maskapai Nepal Terbangkan Penumpang ke Bandara yang Salah
885,"Masya Allah, Pria Ini Ingin Pergi Haji Naik Motor dari Cimahi"
886,12 Jenazah Korban Sukhoi Naas Ditemukan
887,12 Jenazah Korban Sukhoi Naas Ditemukan
888,Keluarga Korban Sukhoi Sabar Menunggu
889,Petugas Terus Evakuasi Korban Sukhoi
890,Roy Suryo Datangi Halim
891,Duka Keluarga Korban Sukhoi
892,Mantap! Subsidi Tiket Pesawat Lanjut ke Tahun Depan
893,5 Destinasi Favorit Penumpang dari Bandara Soetta: Bali hingga Manado
894,Berlibur Lebih Irit Bareng BNI
895,"Bertolak ke Pontianak, YLKI Monitor Lalu Lintas Libur Natal dan Tahun Baru"
896,Catat! Peraturan Perjalanan Liburan Natal-Tahun Baru Lengkap Semua Jenis Transportasi
897,Suasana Hari Ketiga Rapid Antigen di Bandara Juanda
898,Keren! Momen Fotografer Arahkan Pemotretan Pesawat Tempur di Udara
899,"Hari Ini, 83.500 Orang Diprediksi Tinggalkan Jakarta Via Bandara Soetta"
900,JAS Tawarkan Tes Swab Antigen dan PCR Buat Calon Penumpang Pesawat
901,Festival Kain Sutera Thailand yang Meriah di Tengah Pandemi
902,Atraksi Pesawat Meriahkan HUT TNI AU
903,Atraksi Pesawat Meriahkan HUT TNI AU
904,"Pesawat Rusia Jatuh, 29 Orang Tewas"
905,"Pesawat Kargo Jatuh, 2 Orang Tewas"
906,ICW Temukan Kejanggalan Pembelian Sukhoi
907,Boeing & Airbus Perkuat Garuda
908,Antrean Panjang Mengular di Terminal Keberangkatan Bandara Soetta Pagi Ini
909,Ombudsman: Antrean Rapid Antigen karena Banyak Penumpang Tak Tahu Aturan Baru
910,"Varian Baru Corona, Uni Eropa Desak Larangan Perjalanan ke Inggris Dicabut"
911,Perusahaan Besar Rem Tarik Utang di Bank
912,Vonis Ultra Petita di Kasus Surat Jalan Palsu untuk Djoko Tjandra dkk
913,Masa Berlaku Swab Antigen untuk Penerbangan dan Kereta Api
914,"Pesawat Kecil Jatuh di San Diego, 2 Orang Luka Parah"
915,Dokumenter Sekte Kontroversial Tentang Bunuh Diri Massal Dirilis
916,"Keren, Potret Ibu dan 2 Anak Perempuannya yang Sama-sama Jadi Pilot"
917,"19 Pesawat China dan Rusia Masuk Wilayahnya, Korsel Kerahkan Jet Tempur"
918,Boeing 767 Mandarat Tanpa Roda
919,Boeing 767 Mandarat Tanpa Roda
920,Pesawat Jatuh di Pemukiman Warga
921,Pesawat Jatuh di Pemukiman Warga
922,China Luncurkan Shenzhou 8
923,Latihan Kecelakaan Pesawat di Laut
924,"Kapal Selam Nuklir AS Pamer Kekuatan ke Iran, Kasus Corona AS Tembus 18 Juta"
925,Agen Rusia Mengaku Taruh Racun di Celana Dalam Alexei Navalny
926,"Lebihi Tuntutan, Prasetijo Divonis 3 Tahun Bui di Kasus Surat Jalan Palsu"
927,"Buka Pintu Kabin Saat Pesawat Akan Lepas Landas, 2 Penumpang Ditangkap"
928,"Pengacara Nilai Vonis 2,5 Tahun Bui untuk Djoko Tjandra Berat, Ini Alasannya"
929,"32 Tahun Pengeboman Lockerbie, AS Dakwa Eks Agen Intelijen Libya"
930,"Sensasi Berbeda di Restoran Pesawat, Jakarta"
931,"Antisipasi Kerumunan di Bandara Soetta, Polisi Kerahkan Personel Tambahan"
932,"Antrean Rapid Antigen Panjang, Puluhan Calon Penumpang Bandara Juanda Reschedule"
933,"Kemenhub Minta Daftar Rapid Test Antigen di Stasiun Via Online, KAI Siap?"
934,United Express Tergelincir
935,United Express Tergelincir
936,Sesaat Sebelum Nazaruddin Dipulangkan
937,Nazaruddin Akhirnya Tiba di Jakarta
938,Jet Tempur India Jatuh
939,Jet Tempur India Jatuh
940,"Wajib Rapid Test Antigen di Pelabuhan Sebelum Masuk Bali, Ini Kata Wisatawan"
941,Pandemi Bikin Pengusaha Besar Rem Utang di Bank
942,Bank Jamin Kebutuhan Uang Tunai Saat Libur Natal dan Tahun Baru Aman
943,Catat! Masuk ke Lampung Wajib Tunjukkan Hasil Rapid Antigen Corona
944,"Viral Pria Meninggal karena Corona di Pesawat, Sempat Bohong Tak Alami Gejala"
945,"Daftar Lengkap Zona Merah Terbaru, Pesawat Rusia di Papua"
946,"Ramai Meriah Lomba Menarik Roda Pesawat, Malang"
947,"Pamer Kekuatan ke Iran, Kapal Selam Nuklir AS Lintasi Selat Hormuz"
948,"Wajib Rapid Antigen, Penumpang di Soetta Kecewa"
949,Penumpang Antre Rapid di Bandara Soetta Gegara Tak Tahu Syarat Antigen
950,Bos IMF Ditangkap Karena Kasus Perkosaan
951,Bos IMF Ditangkap Karena Kasus Perkosaan
952,Jenazah Pilot Merpati Tiba di Jakarta
953,Jenazah Korban Merpati Disalatkan
954,Jenazah Korban Merpati Disalatkan
955,Merpati Jumpa Pers Soal Jatuhnya Pesawat MA60
956,Regulator Eropa Sebut Pesawat Boeing 737 MAX Aman untuk Terbang
957,Singapura Jadi Negara Asia Pertama Terima Vaksin Corona Pfizer-BioNTech
958,Antre Rapid Antigen di Bandara Juanda hingga Penumpang Tertinggal Pesawat
959,"Varian Baru Corona, Lebih dari 40 Negara Larang Penerbangan dari Inggris"
960,3 Fakta Arab Saudi Setop Penerbangan Internasional
961,"Bandara Soetta Layani Pre Order Tes COVID-19, Begini Caranya!"
962,Rekomendasi Film Tentang Kecelakaan Pesawat Terbang
963,"Peraturan Bandara Soekarno-Hatta Selama COVID-19, Wajib Taat"
964,Pertamina Pastikan Stok BBM & LPG Aman Saat Libur Nataru
965,"Jepang Cetak Rekor Siapkan Anggaran Militer Rp 728 T, Buat Apa?"
966,Cek di Sini! Harga Rapid Test Antigen di Bandara Adi Soemarmo
967,Kangen Band Damai hingga Tangis Andika Bisa Kamu Tonton Lagi
968,Berapa Tarif Rapid Test Antigen Stasiun-Bandara di Bandung?
969,Catat! Ini 11 Titik di Operasi Yustisi dan Tes Antigen di Jateng Saat Nataru
970,Naiknya Kasus COVID-19 di Jatim Disebut Dampak dari Pilkada 2020
971,Jerman Bawa Pulang 3 Istri ISIS dan 12 Anak dari Suriah dalam Misi Rahasia
972,Tampilan Inovasi Kursi Pesawat untuk Tangkal Penyebaran Covid-19
973,Mau Beli Rumah Jelang Tahun Baru? Simak Tips Berikut
974,"Kejar Jet, Rudal Jadi Senjata Kedua yang Paling Banyak Diekspor AS"
975,"Sudah Dibuka, Begini Cara Pre Order Test COVID-19 di Bandara"
976,"Pesawat Rusia Tergelincir, 2 Orang Tewas"
977,"Pesawat Rusia Tergelincir, 2 Orang Tewas"
978,"Pesawat Rusia Tergelincir, 2 Orang Tewas"
979,Penumpang Pesawat di Spanyol Terlantar
980,Pesawat Kargo Jatuh di Pakistan
981,Pesawat Kargo Jatuh di Pakistan
982,"Banyak Pilot Jarang Terbang karena Pandemi, Perlukah Kita Khawatir Saat Kembali Naik Pesawat?"
983,"Ada Kewajiban Rapid Test Antigen di Libur Natal-Tahun Baru, Pemudik Diprediksi Turun"
984,"Perhatian Traveler! Jangan Rapid Tes Antigen Dadakan di Bandara atau Stasiun, Ya"
985,Deddy Corbuzier Buka-bukaan Hilang Perjaka saat SMA hingga Bercinta di Kereta
986,AS Siap Hadapi Serangan Jelang Peringatan Tewasnya Jenderal Iran
987,"Arab Saudi Setop Penerbangan Internasional, Ini Alasannya"
988,Tangis Iringi Pemakaman Pilot Pesawat Tempur yang Tergelincir di Madiun
989,Update Terbaru Aturan Transportasi Jelang Libur Nataru
990,"Gaya Syahrini Mudik ke Jepang, Bawa Tas Langka Hermes Seharga Rp 2,8 M"
991,Ini Biaya Rapid Test Antigen-PCR di Bandara
992,Pesawat Decathlon Terbakar
993,Pesawat Decathlon Terbakar
994,Pesawat Decathlon Terbakar
995,Warga Padati Bandung Air Show
996,Bandung Air Show 2010
997,Puluhan Pesawat Akan Meriahkan BAS 2010
998,"Antrean Rapid Test Antigen di Soetta Sempat Ramai, Bagaimana Kini?"
999,"Tadi Pagi, Terminal 2 Bandara Soekarno Hatta Ramai Antrean Rapid Test"
1000,Segini Kuota Harian Rapid Test Antigen di Bandara YIA Yogya
1001,Pengumuman! Garuda Batalkan Penerbangan Jakarta-Jeddah 21 Desember
1002,Catat! Daftar Lengkap Biaya Rapid Test Antigen-PCR di Bandara
1003,"Gegara Varian Baru Corona, Arab Saudi Setop Semua Penerbangan Internasional"
1004,"Logo RANS Terpampang di Pesawat Garuda, Kerjasamakah?"
1005,"Mau Saingi SpaceX, Lockheed Martin Akuisisi Produsen Rudal Rp 62 Triliun"
1006,Negara-negara Ini Larang Penerbangan dari Inggris karena Varian Baru Corona
1007,Dua Orang Terkaya di Dunia Suntik Modal ke Startup Ini
1008,Air Asia Delay Hingga 4 Jam
1009,Air Asia Delay Hingga 4 Jam
1010,Pencarian Pesawat Trike P-KS 135
1011,Presiden SBY Tiba di Tanah Air
1012,Simulasi Penanganan Teroris
1013,Pelatihan Operasi Mata di Pesawat
1014,17 Negara yang Melarang ke Inggris Gegara Varian Baru Corona
1015,Aturan Perjalanan Transportasi Darat di Jawa & Bali Selama Libur Nataru
1016,"Pesawat Lion Air Tergelincir di Bandara Lampung, Seluruh Penumpang Selamat"
1017,"Pesawat Tergelincir Usai Mendarat, Lion Air Buka Suara"
1018,Aturan Perjalanan Naik Pesawat Versi Pemerintah Pusat
1019,Kondisi Bandara Lampung Hujan Deras Saat Pesawat Lion Air Tergelincir
1020,Melihat Fungsi Filter HEPA di Dalam Pesawat
1021,Pesawat Lion Air Tergelincir Usai Mendarat di Bandara Radin Inten II Lampung
1022,Menyapa Kota Milan dari Atas Ketinggian Udara
1023,Hilir Mudik Pesawat Rusia dengan Spek Bandel di Papua
1024,Pesawat Presiden Polandia Jatuh
1025,Pesawat Presiden Polandia Jatuh
1026,Peringatan HUT ke-64 TNI AU
1027,Foto Udara Gempa Bumi Simeulue
1028,"Wilson Bastian Hartono, 2,6 Tahun; Lelaki; m"
1029,Kejuaraan Aerobatik Pesawat
1030,Awak Kabin Ditangkap karena Tinggalkan Hotel saat Karantina
1031,"Bali Harus Tes PCR, 20 Persen Wisatawan Pindah Tujuan Wisata"
1032,"Syarat Perjalanan Antar Kota Merujuk Aturan Lama, Ini Penjelasannya"
1033,"Lihat Lagi Aturan Masuk dan Keluar dari Jakarta, Bali dan Kota Lainnya"
1034,Pesawat Ini Sediakan Kursi Khusus Traveler yang Tolak Pakai Masker
1035,Polri: JI Buat Pelatihan Khusus Kader Muda untuk Lawan Aparat-Negara
1036,"Bandingkan dengan Adisutjipto, Jokowi: YIA Bisa Didarati Pesawat Gede"
1037,"Waduh, Bandara Jewel Changi Kebanjiran Gegara Pipa Bocor"
1038,Simak Lagi Biaya Rapid Test Antigen-PCR di Bandara
1039,83 Persen Netizen Pilih Bali Jadi Destinasi Liburan Akhir Tahun
1040,Atraksi 'Pesawat' Sambut Dada Rosada
1041,Atraksi 'Pesawat' Sambut Dada Rosada
1042,Dada Rosada Takut Naik Pesawat Ringan
1043,KSAU Periksa Sukhoi
1044,3 Penumpang Batavia Air Terluka
1045,Pesawat Kargo Jatuh di China
1046,"Kangen Terbang, Pria Ini Rela Beli Dua Set Kursi Pesawat"
1047,Maskapai Ini Punya Kursi Khusus Buat Penumpang Tak Bermasker
1048,Simak! Ini Tarif Rapid Test Antigen di Bandara Yogyakarta
1049,"Cuaca Buruk, Helikopter Ini Mendarat Darurat di Lapangan Sepakbola Warga"
1050,6 Daerah yang Wajibkan Rapid Test Antigen sebagai Syarat Perjalanan
1051,"Syarat Negatif Corona H-7 untuk Terbang ke Bali, Pakar: Bukan Jaminan"
1052,"Selesai Dirakit, Pesawat N250 Gatotkaca Kini Resmi Huni Museum TNI AU"
1053,"Ramai Batal Liburan ke Bali, Pegipegi: Refund Tiket Masih Wajar"
1054,"Syarat Negatif Corona untuk ke Bali Diperlonggar, PAN: Agar Tak Ekstrem"
1055,PKB Setuju Pengubahan Syarat Negatif Corona ke Bali dari H-2 Jadi H-7
1056,Jerit Tangis Keluarga Korban Yemenia
1057,Jerit Tangis Keluarga Korban Yemenia
1058,Pesawat Terbakar di Cengkareng
1059,Kebakaran Landa Athena
1060,Puma Jatuh Jadi Tontonan Warga
1061,Evakuasi Korban Air France
1062,"Penumpang Pesawat Meninggal saat Pendaratan Darurat, Terinfeksi COVID-19?"
1063,"Peraturan Keluar Masuk Jakarta Rapid Test Antigen, Termasuk Bali dan Yogyakarta"
1064,Tengok Lagi Daftar Biaya Rapid Test Antigen-PCR di Bandara
1065,"Polri: Upik Lawanga Disebut Profesor, Buat Bom Senter agar Tak Dicurigai"
1066,Polisi Ungkap Upik Lawanga Diminta Buat Senpi Rakitan Sejak Agustus
1067,"Polri: Selama di Lampung, Upik Lawanga Cari Uang dengan Jualan Bebek"
1068,"Simulasi Kecelakaan Pesawat, Malang"
1069,Duet PHRI-AirAsia Jual Paket Wisata Domestik Menarik Mulai 2021
1070,Catat! Ini Aturan Perjalanan Terbaru di Sejumlah Daerah Wisata Indonesia
1071,Kebijakan Rapid Antigen Bikin Okupansi Hotel di Yogya Turun Drastis
1072,Duka SBY untuk Korban Hercules
1073,Duka SBY untuk Korban Hercules
1074,Identifikasi Korban Hercules
1075,Identifikasi Korban Hercules
1076,Foto Kenangan Lettu Firdaus Younan
1077,Foto Kenangan Lettu Firdaus Younan
1078,Kata Luhut Soal Tes PCR yang Bikin Refund Tiket Rp 317 M
1079,Puluhan Napi Kasus Narkoba di Riau Dipindahkan ke Nusakambangan
1080,Luhut Buka-bukaan Ada 200 Ribu Orang Mau Liburan ke Bali
1081,"Kalau Vaksinasi Turis Jadi Wajib, Industri Pariwisata Akan Mati"
1082,Mau Naik Pesawat? Lihat Lagi Biaya Rapid Test Antigen-PCR di Bandara
1083,"Putin Bicara Soal Publikasi Kartun Nabi, Trump Telepon Raja Salman"
1084,"Hari Pekerja Migran Internasional, Jokowi Beri Kado Istimewa"
1085,Citilink Buka Rute Surabaya-Jayapura
1086,Mau Naik Pesawat? Ada Rapid Test Antigen Rp 150 Ribu Nih!
1087,Boeing Sewa Pilot Sendiri Demi Muluskan Beroperasinya Kembali 737 MAX
1088,Bandara Ngurah Rai Bali Mulai Ramai Wisatawan
1089,Angkatan Laut AS Akan Lebih Tegas dalam Menghadapi China di Pasifik
1090,"Terbang ke Bali Kini Wajib Tes PCR, Siapkan Biaya Segini"
1091,"Kaesang Dituding Insider Trading, Ini Kata BEI"
1092,Garuda: Tes PCR untuk Wisatawan Beri Rasa Aman dan Nyaman
1093,Pandemi Bikin Perajin Miniatur Pesawat Banjir Order
1094,Kelakuan Hotman di Bandara dan Kerugian Pariwisata Bali Akibat Pergub
1095,"Kok Bisa Tahu Saham KAEF Bakal Terbang, Kaesang Insider Trading?"
1096,"Jelang Nataru, Kebutuhan Avtur di Jawa Bagian Tengah Diprediksi Naik"
1097,Catat! Ini Daftar Lengkap Biaya Rapid Test Antigen-PCR di Bandara
1098,Bill Gates dan Jeff Bezos Suntik Dana untuk Startup Pesawat Hidrogen
1099,Balada Hilangnya YouTube Front TV Milik FPI
1100,Suara Kebon Sirih soal Swab Antigen untuk Keluar-Masuk Jakarta
1101,Protes FPI Saat Channel YouTube Front TV Dibatasi
1102,"Syarat Tes PCR ke Bali Banyak Diprotes, Luhut Jawab Begini"
1103,Melihat Detik-detik Pesawat Karya BJ Habibie Dimuseumkan
1104,"Venus Dulunya Mirip Bumi, Pernah Ada Kehidupan?"
1105,Seiya Sekata Anies dan Luhut Susun Aturan untuk Ibu Kota
1106,Catat! Tarif Rapid Test Antigen di Bandara Ngurah Rai hingga Juanda
1107,"Naik Mobil ke Bali, Anak di Bawah 12 Tahun Juga Tak Perlu Rapid Antigen"
1108,Cek! Tarif Baru Rapid Test Antigen hingga PCR di Bandara Soetta
1109,"Pertama Kali Setelah 44 Tahun, Sampel Tanah Bulan Tiba di Bumi"
1110,Material Vulkanik Gunung Semeru Terpantau Masih Menumpuk di Curah Kobokan
1111,Misi Sukses China Bawa Batu dari Bulan ke Bumi
1112,Peringatan Menhub: Waspada Drone Bisa Dipakai untuk Tujuan Jahat!
1113,Momen Melania Tolak Digandeng Trump Viral di Media Sosial
1114,"Hotman Geram dengan Cek Swab Bandara, Ini Cerita Traveler yang Juga Antre"
1115,Kok Kaesang Tahu Saham Kimia Farma Bakal Terbang?
1116,Budi Karya Cerita soal Perusahaan Raksasa Dunia Kirim Paket Pakai Drone
1117,Anak di Bawah 12 Tahun ke Bali Tak Perlu Tes PCR dan Rapid Antigen
1118,"Obama Ditanya soal UFO, Jawabannya Mengawang"
1119,4 Titah Luhut Halau Corona di Tengah Libur Nataru
1120,Aturan Tes PCR ke Bali Ditunda Sehari
1121,Cek di Sini! Posko YIA Antisipasi Lonjakan Penumpang Jelang Nataru
1122,Pengusaha Angkutan Pertanyakan Kebijakan Wajib Rapid Test Antigen
1123,Pengakuan Mumtaz Rais Soal Ribut-ribut dengan Pimpinan KPK di Pesawat
1124,Syarat Tes PCR ke Bali yang Bikin Refund Tiket Sampai Rp 317 M
1125,Syarat Naik Pesawat Terbang Desember 2020 untuk Libur Natal dan Tahun Baru
1126,"Syarat Negatif Tes PCR Penumpang Pesawat ke Bali Jadi H-7, Berlaku Lusa"
1127,"Pesawat Antariksa China Pulang Bawa Batu dari Bulan, Macron Positif Corona"
1128,Catat! Segini Biaya Rapid Test Antigen di Bandara Soetta
1129,"Hotman Kritik Antrean, Andre Rosiade Minta Petugas KKP Kemenkes Ditambah"
1130,Detik-detik Batu dari Bulan yang Dibawa China Tiba di Bumi
1131,"Pandemi Bikin Agen Perjalanan Kolaps, tapi yang Ini Malah Panen Besar"
1132,"Geram Hotman Antre di Bandara, Bagaimana Aturan Naik Pesawat Sekarang?"
1133,Protokol Kesehatan Naik Pesawat Mulai Check In Sampai Terbang
1134,"BNN Gagalkan Penyelundupan Narkoba di Bandara Ambon, 3 Orang Ditangkap"
1135,Ingat! Pembatasan Aktivitas Nataru Mulai Berlaku 18 Desember
1136,"Naik Pesawat Wajib Tes PCR, Bos Garuda Buka Suara"
1137,"Ke Bali Wajib PCR, Agen Travel: Harus Sosialisasi, Bukan Mendadak"
1138,"Luhut: Tes PCR Bayar Sendiri, Orang Terbang kan Punya Uang"
1139,Deretan Saham yang Pernah 'Dicolek' Kaesang
1140,Supermodel Naomi Campbell Dituduh Menimbun Baju Hazmat
1141,"Boeing Rekrut 160 Pilot untuk Terbangkan 737 Max, Gajinya Rp 2,8 Miliar"
1142,"Hotman Kesal Antrean Panjang Cek Tes Swab di Soetta, AP II: Kewenangan di KKP"
1143,Ilham Habibie Blak-blakan Politik Dinasti dan Nasib R-80
1144,"Cerita Wanita yang Nikahi Koper, Punya Ketertarikan Seksual Pada Benda Mati"
1145,"Channel Front TV Milik FPI Hilang, Ini Kata YouTube"
1146,"Soal Wajib PCR, Luhut: Kalau Mau Enak-enak di Bali Patuhi Aturan!"
1147,Hotman Geram Tes Swab Bandara Mengular: Pimpinannya Masih Tidur Ya?
1148,"Masuk Bali Wajib PCR, Refund Tiket Tembus Rp 317 M"
1149,Mahasiswa Indonesia Merayakan Kebebasan Setelah Selesai Karantina di Darwin
1150,"Normalisasi Diplomatik dengan Israel, Indonesia Dapat Apa?"
1151,Maskapai Ini Sudah Blacklist 700 Penumpang yang Tak Pakai Masker
1152,"Tak Mau Lagi Komen Kasus Gisel, Hotman Paris Pilih Cuti ke Bali"
1153,"Blak-blakan Ilham Habibie Bicara Pesawat dan Politik, Sebentar Lagi"
1154,"Bawa Batu dari Bulan, Pesawat Antariksa China Tiba di Bumi"
1155,"Cuti Bersama, Tes PCR ke Bali, Penumpang Kereta Wajib Rapid Test Antigen"
1156,"Aneh tapi Nyata, Ada Unta Masuk ke Salon Kecantikan di AS"
1157,Heboh Cuitan Kaesang 'Ada yang Terbang Tapi Bukan Pesawat'
1158,"Kasus Corona Landai, Anak Muda di Wuhan Mulai Nongkrong dan Dugem"
1159,Mau Tes Rapid Antigen di Bandara? Segini Harganya
1160,"Rahasia Richard Branson, Putus Sekolah Tapi Jadi Orang Terkaya Dunia"
1161,Simalakama Liburan Nataru 2020 dan Kenaikan COVID-19
1162,DKI Siapkan Kajian Menyusul 'Pengetatan Terukur' Ala Luhut Pandjaitan
1163,"Mulai 18 Desember Keluar-Masuk Jakarta Wajib Rapid Test Antigen, Pengusaha Bus Curhat"
1164,Wajib Tes PCR Masuk Bali Bikin Repot! Pengusaha Protes
1165,Channel Front TV Milik FPI Hilang dari YouTube
1166,Yang Perlu Diketahui soal Beda Syarat Tes Corona untuk ke Pulau Dewata
1167,"Turis Batal Datang, Bali Rugi Hampir Rp 1 Triliun!"
1168,"Masuk DKI Wajib Rapid Antigen, NasDem Pertanyakan Teknis Pengecekan di Darat"
1169,Cara Bandara Changi Jadi Pusat Distribusi Vaksin COVID-19 ASEAN
1170,Cathay Pacific Diramal Rugi Rp 33 Triliun Tahun Ini
1171,"Pinangki Ngaku Akomodasi Anita-Andi Irfan ke KL, Totalnya Rp 15 Juta"
1172,Trump Kirim 3 Pesawat Besar Berisi Bantuan ke Lebanon
1173,"Naik Bus Wajib Rapid Test Antigen, Libur Natal Tahun Baru Bakal Macet"
1174,Segini Biaya Rapid Antigen-PCR di Bandara Soetta
1175,"Bali Terapkan PCR dan Rapid Antigen, Pengusaha Tiket: Kenapa Dadakan?"
1176,3 Fakta Cuitan Kaesang soal Saham Kimia Farma
1177,"Penumpang Angkutan Umum Keluar-Masuk Jakarta Wajib Rapid Test Antigen, Mobil Pribadi Kok Enggak?"
1178,Jangan Lupa! Naik Kereta Jarak Jauh Wajib Rapid Antigen
1179,Ditanya Netizen Kok Tahu Saham KAEF Bakal Terbang? Ini Jawab Kaesang
1180,"Cuti Bersama Desember 2020 Terbaru, Simak Baik-baik!"
1181,"Liburan ke Bali Harus Tes PCR, Bali Terancam Rugi Rp 967 Miliar"
1182,Pesawat SpaceX sedang Dalam Perjalanan Menuju Bumi
1183,Pengusaha Ungkap 113.000 Tiket ke Bali Dibatalkan karena Wajib PCR
1184,RI Tuntut Kompensasi dari Kasus Suap Lintas Negara Airbus
1185,Kaesang: Ada yang Terbang tapi Bukan Pesawat
1186,Cerita Jennifer Coppen dan Ari Irham Beradegan Ciuman di Generasi 90an Melankolia
1187,Dishub DKI: Aturan Wajib Rapid Test Antigen untuk Penumpang Udara-Laut-Bus
1188,Penumpang Kereta Api soal Rapid Test Antigen: Pemerintah Terlalu
1189,"Wajib Jika Ingin ke DKI dan Bali, Begini Tes Antigen COVID-19 Dilakukan"
1190,Zulkarnaen-Upik Lawanga dkk Langsung Ditahan di Sel Teroris
1191,Indonesia Ikuti Jejak Negara-negara Ini Gratiskan Vaksin Corona
1192,"Pesawat Trigana Miring saat Landing di Wamena, Sayap Kena Runway"
1193,Sydney Catat Kasus Baru COVID-19 Setelah 13 Hari Tak Ada Penularan Lokal
1194,"Pertamina MOR VI Raih 6 PROPER Hijau dari KLHK, Ini Programnya"
1195,"Tiba di Soetta, 23 Terduga Teroris Jaringan JI Dibawa ke Mabes Polri"
1196,Begini Sejarah Hubungan RI-Israel yang Dikabarkan Mau Berkongsi
1197,Kapan Kewajiban Rapid Test di Kereta Berlaku? Ini Kata Humas KAI
1198,"Luhut Minta Berlakukan Pengetatan Terukur, Begini Langkah Pemprov DKI"
1199,"Soal Kebijakan ke Bali Wajib PCR, Pemerintah Dinilai Plin Plan"
1200,"Turis ke Bali Wajib PCR, Biro Travel: Merepotkan!"
1201,Penumpang Bandara Banyuwangi Diprediksi Meningkat 25% di Libur Nataru
1202,"Melihat Pesawat Tempur dari Dekat, Makassar"
1203,"Bali Minta Wisatawan PCR dan Rapid Antigen, Hotel: Berat Buat Keluarga"
1204,Poin-poin 'Pengetatan Terukur' yang Diumumkan Luhut Jelang Libur Akhir Tahun
1205,"Efek Bali Harus PCR, Wisatawan Ramai-ramai Batalkan Pesanan Hotel"
1206,"Baru! Citilink Buka Rute Kupang ke Waingapu, Bajawa, Ende, Labuan Bajo"
1207,"Wonder Woman 1984 Tayang Hari Ini, Berikut Sinopsisnya"
1208,Anies Juga Minta Traveler yang Masuk Jakarta Lewati Rapid Antigen
1209,Ajaib! iPhone 6s Berhasil Selamat Setelah Jatuh dari Pesawat
1210,Ini Penjelasan Koster soal Beda Syarat Tes PCR-Rapid Antigen ke Bali
1211,Perhatian! Anies akan Wajibkan Rapid Antigen untuk yang Masuk ke Jakarta
1212,"Pak Luhut, Tes Swab ke Bali Kenapa Harus H-2?"
1213,"Naik Pesawat ke Bali, Harus Ada Hasil Swab Negatif H-2 Keberangkatan"
1214,"Pesawat Penumpang dan Syarat Masuk Bali Terbaru Desember 2020, Wajib Swab PCR"
1215,"AS Sanksi Turki karena Beli Sistem Rudal Rusia, Begini Reaksi Ankara-Moskow"
1216,Penumpang KA Juga Wajib Setor Rapid Test Antigen H-2 Keberangkatan
1217,4 Hal Hebohnya Kabar Kongsi Indonesia dan Israel
1218,"Garuda Indonesia akan Terbitkan Surat Utang Rp 8,5 Triliun"
1219,"Pro Kontra: Harus Tes Swab ke Bali, Memang Perlu?"
1220,Perhatian! Naik KA Jarak Jauh hingga Pesawat Kini Wajib Rapid Test Antigen
1221,"Prabowo Mau Beli Pesawat Bekas, Komisi I DPR: Baiknya Dikaji Ulang"
1222,"Ke Bali Harus Swab, Traveler Merasa Terkena Jebakan Batman"
1223,"Mengenal Rapid Antigen, Tes Corona yang Wajib Jika Ingin ke Bali"
1224,Curhat Traveler: Fix! Batal Liburan ke Bali Gegara Harus Swab
1225,"Tiket Pesawat Jakarta-Bali Vs Tes PCR, Bisa Lebih Mahal Tes PCR-nya"
1226,Garuda Indonesia Minta Stimulus Penerbangan Lanjut Tahun depan
1227,Ini Surat Edaran Gubernur Bali Soal Wisatawan Wajib Tes PCR
1228,Garuda Indonesia Buka Suara soal Syarat ke Bali Wajib PCR
1229,'Travel Bubble' Australia dan Selandia Baru Kemungkinan Dimulai Kuartal I 2021
1230,"Bali Wajibkan Tes PCR untuk Wisatawan, Bagaimana Jawa Barat?"
1231,Jet Tempur Amerika Serikat Teror Pesawat Penumpang Iran
1232,"Penumpang Pesawat Garuda Mulai Naik, Kuartal III Tembus 1,5 Juta Orang"
1233,"Edan, Detik-detik Pria Panjat Sayap Pesawat yang Mau Lepas Landas"
1234,Kilas Balik Influencer Febrian Jalan-jalan #DiIndonesiaAja Selama 2020
1235,Cerita Dokter yang Terima Vaksin COVID-19: Rasanya Luar Biasa
1236,"SUV Renault Kiger Bakal Dijual di Indonesia Tahun 2021, Punya Desain dan Warna Unik!"
1237,"Selama Libur Natal dan Tahun Baru, Bali Wajibkan Pengunjung Tes PCR-Antigen"
1238,"Wisatawan Wajib Tes PCR Kalau Mau ke Bali, Ini Jawaban Kemenhub"
1239,"Belajar dari Perang Vietnam, Letnan Marinir Muda Sukses Dirikan FedEx"
1240,Heboh Kabar Israel-RI Mau Berkongsi
1241,Sensasi Menerbangkan Simulator Pesawat Tambakrejo Surabaya
1242,Ketika Gus Hotman Diminta Bantu Habib Rizieq
1243,Deretan Negara di Eropa hingga Asia dengan Vaksin Corona Cuma-cuma
1244,Bos AirAsia Sebut Syarat Vaksin COVID-19 Bakal Jadi Tren di Asia
1245,"Bisnis Baru Boeing: Jualan Furnitur Sisa Pesawat, Dibanderol Ratusan Juta"
1246,"Tiket Pesawat Batam-Semarang, dan Cara Mendapatkan Tiket Murah"
1247,Luhut Minta Wisatawan Wajib Tes PCR-Rapid Antigen Sebelum ke Bali
1248,Luhut Minta Anies Larang Kerumunan Perayaan Tahun Baru di DKI
1249,"Israel Dikabarkan Mau Kongsi dengan Indonesia, Begini 4 Poinnya"
1250,5 Alasan Mengapa Kamu Harus ke Candi Ijo
1251,"Tontonan Seru Atraksi di Udara, Medan"
1252,"Sambut Libur Akhir Tahun, AirAsia Beri Promo Diskon Hingga 60%"
1253,Rusia Klaim Sukses Luncurkan Roket Luar Angkasa Terbaru
1254,Daftar Negara yang Bakal Gratiskan Vaksin Corona untuk Semua Warganya
1255,"Putri Eugenie Tempati Rumah Bekas Meghan Markle, Kini Pindah karena Berhantu?"
1256,Detik-detik Uji Coba Perdana Virgin Galatic yang Gagal Terbang
1257,Ini Untung Ruginya Bila RI Berkongsi dengan Israel
1258,Pasokan Pertama Vaksin COVID-19 Buatan Pfizer-BioNTech Tiba di Kanada
1259,Rusia Coba Racuni Navalny Kedua Kali Sebelum Diterbangkan ke Berlin
1260,Virgin Galactic Gagal Uji Terbang Wisata Luar Angkasa
1261,Tiga Negara Berlomba-lomba Jelajahi Mars di Bulan Juli
1262,"Hindari Libur Akhir Tahun di Zona Merah, Traveler Panjat Sayap Pesawat"
1263,Momen Habib Rizieq Makan Nasi Kotak hingga Proses Isi Ulang Air Minum di India
1264,5 Tanda Kita Hidup di Dunia yang Tidak Nyata alias di Dalam Matrix!
1265,"Masker Copot Saat Tenangkan Bayi, Perempuan Ini Dikeluarkan dari Pesawat"
1266,"Recreate Foto Liburan Bisa Dapat OPPO Reno4 Baru, Mau Nggak?"
1267,"Syarat Naik Pesawat Lion Air, Citilink, Garuda Saat Pandemi COVID-19"
1268,Test Flight Virgin Galactic Gagal Menembus Luar Angkasa
1269,Teka-teki Dentuman Misterius dan Munculnya 'Bintang Jatuh' di Jateng
1270,"Di Umur 100 Tahun, Pria Ini Masih Traveling Naik Pesawat"
1271,"Naik Sayap Pesawat, Pria di Las Vegas Bikin Geger"
1272,Rekor! Pandemi COVID-19 Turunkan Emisi Karbon Dioksida 7%
1273,"Selow Panjat Sayap Pesawat, Setelah Itu Jatuh dan Ditangkap Polisi"
1274,"Kilas Sejarah Sorong, Kota Laut Dalam dan Bergelombang"
1275,"Maskapai Ini Tawarkan Delivery Makanan, Lengkap dengan Troli dan Awak Kabin"
1276,China Bikin Rekomendasi Aneh untuk Penerbangan Saat Pandemi
1277,"HP Tidak Bisa Di-charge, Ini Solusinya"
1278,Heboh Benda Misterius Beterbangan di Langit Solo Raya-Yogya
1279,Teori Baru Misteri Pesawat Lenyap Ditelan Segitiga Bermuda
1280,Respons Lion Air Terkait Penuhnya Penumpang di Kabin Pesawat
1281,Maskapai Jepang Beri Apresiasi Penumpang yang Tak Makan di Pesawat
1282,"44 Penyalur Diresmikan, BBM Satu Harga Capai Target 2020"
1283,Terpopuler Sepekan: Pesawat Latih TNI AU Jatuh di Lanud Adisutjipto
1284,American Airlines Tawarkan Penumpang Tes Corona dari Rumah
1285,"Hauge Cepat Adaptasi di Milan, Ini Rahasianya"
1286,"Harbolnas 12.12, BNI Tawarkan Promo Menarik untuk Nasabah"
1287,"Diam-diam, Jepang & AS Mau Garap Jet Tempur Canggih"
1288,"Gagal Terapkan Prokes di Jabar, Siap-siap Diisolasi di Pulau Terpencil"
1289,"Pecahkan Rekor, Emisi Karbon Global Turun 7 Persen di Masa Pandemi"
1290,"Atraksi Aeromodeling, Medan"
1291,"AS Kerahkan Pesawat Pengebom ke Teluk, Trump Kembali Klaim Menangi Pilpres"
1292,"Belitung, Wisata Laut yang Indah dari Sumatera"
1293,"Sertifikasi Pesawat N219 Kelar Tahun Ini, Mulai Dijual 2021"
1294,Ada Sosok Astronot Perempuan Muda di Balik Misi China ke Bulan
1295,Pramugari Diminta Pakai Popok di Pesawat untuk Cegah Penularan COVID-19
1296,"Gara-gara Corona, Bos Lion Air Terdepak dari Daftar 50 Orang Terkaya RI"
1297,"Peta Baru Among Us Rilis Awal 2021, Ini Bocorannya"
1298,"Belanda Bongkar Jaringan Mata-mata Rusia, Dua Diplomat Diusir"
1299,"Polisi Jerman Selamatkan Lukisan Rp 4,8 M dari Tempat Sampah Bandara"
1300,Anggota DPR Ingatkan Ini Jika Indonesia Mau Beli Pesawat MV-22 Osprey
1301,MA Amerika Menangkan Gugatan 3 Pria Muslim yang Dilarang Naik Pesawat
1302,"Maskapai Sultan, Pandemi Gini Masih Datangkan Pesawat Jumbo A380"
1303,"Cegah Penularan COVID-19, Pramugari China Disarankan Pakai Popok"
1304,"Pamer Kekuatan pada Iran, 2 Pesawat Pengebom AS Dikerahkan ke Teluk"
1305,Pendidikan Tinggi yang Terbuka untuk Semua
1306,"HUT ke-63, Pertamina Genjot Pemerataan Energi & Digitalisasi SPBU"
1307,"Japan Airlines Jual Makanan Pesawat di Restoran, Maskapai Lokal Bisa Tiru"
1308,"China Minta Awak Pesawat Pakai Popok, Buat Apa?"
1309,"Edan! Pilot Gambar Mr P di Udara, Bos Maskapai Ini Dipecat"
1310,Spesifikasi Pesawat Osprey yang Dikabarkan Dibeli Indonesia dari AS
1311,"Terbang Perdana Jakarta-Padang, AirAsia Bagi-bagi Nasi Padang"
1312,"Roket SpaceX Meledak Saat Mendarat, AS Catat 3 Ribu Kematian Corona Sehari"
1313,3 Fakta Pesawat Made in Bandung yang Mau Diekspor ke Senegal
1314,Cara Refund-Reschedule Tiket Citilink-Lion Air Kalau Reaktif Rapid Test
1315,"HUT ke-63, Pertamina Tuntaskan Target BBM Satu Harga di 243 Titik"
1316,"Kopi Koteka, eh Pegunungan Bintang dari Tanah Papua di Ketinggian 2000 Mdpl"
1317,Efektifkah Lumbung Pangan di Bekas Lahan Gambut?
1318,"Singapura Bakal Punya Taksi Udara, 15 Menit Terbang Bayar Rp 5,1 Juta"
1319,Cara Refund-Reschedule Tiket Garuda Indonesia Kalau Reaktif Rapid Test
1320,Kemhan soal Pembelian Pesawat MV-22 Osprey: Belum Ada Rencana
1321,Israel Akan Mendaratkan Pesawat Luar Angkasa di Bulan Tahun 2024
1322,Tiga Perang Arab Saudi yang Tak Akan Dimenangkan Putra Mahkota
1323,"Diduga Manipulasi Laporan Keuangan, GE Didenda Rp 2,8 T"
1324,Uji Coba Roket Raksasa SpaceX Berakhir dengan Ledakan
1325,NASA Temukan Cara Ciptakan Oksigen di Mars
1326,Maskapai Brasil Kembali Terbangkan Boeing 737 MAX Setelah 20 Bulan Dilarang
1327,"Pertama Kali dalam Sejarah, Seorang Wanita Pimpin Kapal Induk Nuklir AS"
1328,Maling Nekat Bobol Pesawat Putin Berjuluk 'Hari Kiamat'
1329,Spesifikasi Pesawat Made in Bandung yang Siap Ekspor ke Senegal
1330,Garuda Tawarkan Pensiun Dini untuk Karyawannya
1331,"The First: Drama Astronot, NASA dan Misi Menyelamatkan Umat Manusia"
1332,Terungkap Alasan 'Iron Man' Pindahkan Markas Tesla dari Silicon Valley
1333,"Di Hari Pertama Jadi Presiden, Biden Janji Wajibkan Traveler Pakai Masker"
1334,"Keluar dari Uni Eropa, Inggris Mulai Rayu AS"
1335,Tarif Termurah Tiket Pesawat Jakarta-Surabaya Pekan Ini
1336,"Dongkrak Wisata Papua, Garuda Indonesia Buka Rute Makassar-Manokwari-Sorong"
1337,"Hakim AS Perintahkan Buka Dokumen Khashoggi, Adik Kim Jong-Un Marah ke Korsel"
1338,"Kangen Naik Pesawat, Orang Malaysia Borong Kacang Asin di Pesawat"
1339,Boeing Kirim Lagi Pesawat 737 Max untuk Pertama Kalinya
1340,"Dua Pesawat Kecil Tabrakan di AS, 8 Orang Tewas"
1341,Ternyata Becak Jadi Transportasi Andalan di Wamena Papua
1342,Filipina Terima Perlengkapan Militer Senilai Rp 410 M dari AS
1343,"Kemampuan Runway Bandara Soetta Ditingkatkan, Apa Untungnya?"
1344,"Ada Daerah di Papua Belum Gelar Pilkada, Polda Bantu Distribusi Logistik"
1345,"Kilas Balik OTT KPK dari 2005 hingga 2020, Bagaimana Era Firli Bahuri?"
1346,"Pesawat Putin yang Anti-Nuklir Dibobol Maling, Peralatan dari Emas Hilang"
1347,"Dibanderol Rp 423 M, Ini Keunggulan Pesawat RI yang Mau Dikirim ke Senegal"
1348,"Pesawat Putin Kemalingan, Pencuri Bawa Kabur 39 Peralatan Radio"
1349,Penerbangan Diprediksi Meningkat 4 Persen di Momen Natal dan Tahun Baru
1350,Lion Air Group Bantah Isu Bakal Berhenti Beroperasi
1351,Mantap! Pesawat Made in Bandung Siap Diekspor ke Senegal
1352,"2 Tahun Dikandangkan, Boeing 737 MAX Mulai Dikirim ke Maskapai"
1353,Vaksin Corona di Depan Mata Bikin Wall Street Naik
1354,Uber Resmi Jual 'Taksi Terbang' ke Produsen Pesawat AS
1355,"Tawon Kecil Ini Amat Licik, Masalah Serius dalam Dunia Penerbangan"
1356,Alien Diklaim Pernah Hubungi Pemerintah Israel dan AS
1357,"Dapat Amnesti, 67 PMI Tak Resmi di Oman Dipulangkan ke Indonesia"
1358,"Sinopsis Aftermath, Dibintangi Arnold Schwarzenegger"
1359,"Pesawatnya Bawa Vaksin, Garuda Harap Bisa Selamatkan Banyak Nyawa"
1360,Pertunjukan Aerobatic Bandung
1361,Pertamina Pastikan Pasokan BBM hingga LPG di Jabar Aman Jelang Pilkada
1362,"Demi Anak-anak, Maskapai Ini Terbang Tanpa Tujuan"
1363,Arahan Penting Jokowi agar Tak Asal Hantam Vaksinasi
1364,Elon Musk Pamer Foto Starship Terbaru
1365,"Biden Tunjuk Eks Jenderal Jadi Menhan, 14 Pejabat China Dijatuhi Sanksi AS"
1366,"Sinopsis The Expendables 2, Film Sylvester Stallone dan Bruce Willis"
