,Nama Produk,Harga,Link Pembelian
0,Flashdisk SanDisk Ultra USB 3.1 Type C 64GB Upto 150MBps For Android or iPhone,Rp240.000,https://www.bukalapak.com/p/komputer/aksesoris-226/flashdisk/3twzd5o-jual-flashdisk-sandisk-ultra-usb-3-1-type-c-64gb-upto-150mbps-for-android-or-iphone?from=list-product&pos=0
1,Kabel Charger USB Type C ke Lightning for iPhone iPad,Rp240.000,https://www.bukalapak.com/p/rumah-tangga/home-stuff/3s9o1vf-jual-kabel-charger-usb-type-c-ke-lightning-for-iphone-ipad?from=list-product&pos=1
2,Kabel Iphone 11 Pro 11 Pro Max Cable USB type C to Lightning Original,Rp240.000,https://www.bukalapak.com/p/handphone/aksesoris-handphone/kabel-data/3hrfjxq-jual-kabel-iphone-11-pro-11-pro-max-cable-usb-type-c-to-lightning-original?from=list-product&pos=2
3,Apple Adapter Lightning to 3.5mm AUX Female for iPhone 7 8 X Original,Rp240.000,https://www.bukalapak.com/p/rumah-tangga/home-stuff/3s9pfyw-jual-apple-adapter-lightning-to-3-5mm-aux-female-for-iphone-7-8-x-original?from=list-product&pos=3
4,Dual Connector Iphone 7 and Iphone 8 and Iphone X,Rp240.000,https://www.bukalapak.com/p/handphone/aksesoris-handphone/aksesoris-lainnya-2645/fs2c8z-jual-dual-connector-iphone-7-and-iphone-8-and-iphone-x?from=list-product&pos=4
5,iPhone 12 Promax,Rp240.000,https://www.bukalapak.com/p/handphone/hp-smartphone/3z1swt1-jual-iphone-12-promax?from=list-product&pos=5
6,iPhone xr 64gb seken likenew ex-inter fullset appel oriiginalll,Rp240.000,https://www.bukalapak.com/p/handphone/hp-smartphone/43byjci-jual-iphone-xr-64gb-seken-likenew-ex-inter-fullset-appel-oriiginalll?from=list-product&pos=6
7,iPhone X 256 GB - FULLSET - 256GB - APPLE - COD Jakarta,Rp240.000,https://www.bukalapak.com/p/handphone/hp-smartphone/2f1t6gh-jual-iphone-x-256-gb-fullset-256gb-apple-cod-jakarta?from=list-product&pos=7
8,Apple iPhone 12 Pro Max Promax 128GB 256GB 512GB 128 256 512 Tam iBox,Rp240.000,https://www.bukalapak.com/p/handphone/hp-smartphone/44cpjqp-jual-apple-iphone-12-pro-max-promax-128gb-256gb-512gb-128-256-512-tam-ibox?from=list-product&pos=8
9,Iphone XR product red 256gb,Rp240.000,https://www.bukalapak.com/p/handphone/hp-smartphone/43x469t-jual-iphone-xr-product-red-256gb?from=list-product&pos=9
10,"Original 100% lightning kabel charger data Iphone 5 5s, Iphone 6 6s, iphone 7",Rp240.000,https://www.bukalapak.com/p/handphone/aksesoris-handphone/kabel-data/7j11rw-jual-original-100-lightning-kabel-charger-data-iphone-5-5s-iphone-6-6s-iphone-7?from=list-product&pos=10
11,GROTIC Kabel Charger 3 in 1 3A Fast Charging 1.2M Nylon Braided Cable Mikro USB Type C Lighning untuk Xiaomi Samsung Huawei iPhone,Rp240.000,https://www.bukalapak.com/p/handphone/aksesoris-handphone/kabel-data/264wgrq-jual-grotic-kabel-charger-3-in-1-3a-fast-charging-1-2m-nylon-braided-cable-mikro-usb-type-c-lighning-untuk-xiaomi-samsung-huawei-iphone?from=list-product&pos=11
12,Kabel Charger Magnetic GROTIC Fast Charging USB 3 in 1 Tipe C Micro iPhone Lampu LED Panjang untuk iPhone Samsung Xiaomi Huawei Oppo Vivo,Rp240.000,https://www.bukalapak.com/p/handphone/aksesoris-handphone/kabel-data/2kd86ni-jual-kabel-charger-magnetic-grotic-fast-charging-usb-3-in-1-tipe-c-micro-iphone-lampu-led-panjang-untuk-iphone-samsung-xiaomi-huawei-oppo-vivo?from=list-product&pos=12
13,Charger casan adapter Usb cable kabel data iphone Apple 5 5s 6 6s dan 7,Rp240.000,https://www.bukalapak.com/p/handphone/aksesoris-handphone/charger-177/1061uym-jual-charger-casan-adapter-usb-cable-kabel-data-iphone-apple-5-5s-6-6s-dan-7?from=list-product&pos=13
14,Aamir A1KBWCHARGER QC 3.0 USB Charger 18W Fast Charging ravel Wall Adapter For iPhone Samsung Huawei Xiaomi,Rp240.000,https://www.bukalapak.com/p/handphone/aksesoris-handphone/charger-177/3b0cyfm-jual-aamir-a1kbwcharger-qc-3-0-usb-charger-18w-fast-charging-ravel-wall-adapter-for-iphone-samsung-huawei-xiaomi?from=list-product&pos=14
15,Kabel Original Iphone,Rp240.000,https://www.bukalapak.com/p/handphone/aksesoris-handphone/kabel-data/dznnh3-jual-kabel-original-iphone?from=list-product&pos=15
16,Car Holder For Your Smart Phone Iphone 4 5 6 7 Samsung Galaxy Note 5 6 7 Xiaomi Redmi Note 3 4 5 Asus Zenfone,Rp240.000,https://www.bukalapak.com/p/mobil-part-dan-aksesoris/aksesoris-mobil/aksesoris-interior/e4ycw8-jual-car-holder-for-your-smart-phone-iphone-4-5-6-7-samsung-galaxy-note-5-6-7-xiaomi-redmi-note-3-4-5-asus-zenfone?from=list-product&pos=16
17,Car Holder For Smart Phone Samsung Galaxy 5 6 7 8 S Xiaomi Redmi Note 4 5 Iphone 5 6 7 8 S,Rp240.000,https://www.bukalapak.com/p/kamera/monopod-tripod-rig/e501n6-jual-car-holder-for-smart-phone-samsung-galaxy-5-6-7-8-s-xiaomi-redmi-note-4-5-iphone-5-6-7-8-s?from=list-product&pos=17
18,Charger Iphone Original,Rp240.000,https://www.bukalapak.com/p/handphone/aksesoris-handphone/charger-177/dyg6cs-jual-charger-iphone-original?from=list-product&pos=18
19,KAOS IPHONE LOGO MURAH BERKUALITAS QHG,Rp240.000,https://www.bukalapak.com/p/fashion-pria/kaos-165/dkgxf7-jual-kaos-iphone-logo-murah-berkualitas-qhg?from=list-product&pos=19
20,iPhone 11 128Gb Purple Second Fullset Like New No Minus,Rp240.000,https://www.bukalapak.com/p/handphone/hp-smartphone/3phb5kc-jual-iphone-11-128gb-purple-second-fullset-like-new-no-minus?from=list-product&pos=20
21,Apple iPhone 7 128GB - Free Tempred Glass,Rp240.000,https://www.bukalapak.com/p/handphone/hp-smartphone/uwfhvl-jual-apple-iphone-7-128gb-free-tempred-glass?from=list-product&pos=21
22,Iphone X 256 GB,Rp240.000,https://www.bukalapak.com/p/handphone/hp-smartphone/nporvk-jual-iphone-x-256-gb?from=list-product&pos=22
23,Apple iPhone SE 2020 256GB Garansi Resmi,Rp240.000,https://www.bukalapak.com/p/handphone/hp-smartphone/3v8b765-jual-apple-iphone-se-2020-256gb-garansi-resmi?from=list-product&pos=23
24,Apple iPhone 8 256GB Second mulus ex international usa fullset,Rp240.000,https://www.bukalapak.com/p/handphone/hp-smartphone/1vrwngl-jual-apple-iphone-8-256gb-second-mulus-ex-international-usa-fullset?from=list-product&pos=24
25,GROTIC Kabel Data Nilon Charger Lightning Cable untuk iPhone 1 M,Rp240.000,https://www.bukalapak.com/p/handphone/aksesoris-handphone/kabel-data/2ov34uv-jual-grotic-kabel-data-nilon-charger-lightning-cable-untuk-iphone-1-m?from=list-product&pos=25
26,Case Casing Kulit iPhone 6 6s 6 Plus 7 7 Plus,Rp240.000,https://www.bukalapak.com/p/handphone/aksesoris-handphone/casing-cover/d1yskx-jual-case-casing-kulit-iphone-6-6s-6-plus-7-7-plus?from=list-product&pos=26
27,Kabel data iphone original,Rp240.000,https://www.bukalapak.com/p/handphone/aksesoris-handphone/kabel-data/13c5uty-jual-kabel-data-iphone-original?from=list-product&pos=27
28,Aamir A1POWER 10000mAh Power Bank Portabel Ganda USB Pengisian Powerbank Slim Charger Baterai Eksternal Untuk iPhone Samsung Huawei Xiaomi,Rp240.000,https://www.bukalapak.com/p/handphone/power-bank/3b0b5wf-jual-aamir-a1power-10000mah-power-bank-portabel-ganda-usb-pengisian-powerbank-slim-charger-baterai-eksternal-untuk-iphone-samsung-huawei-xiaomi?from=list-product&pos=28
29,Headphone Stereo JBL MDR - XB450ap Extra Bass Headset Handsfree Earphone Gaming Super Bass Compatible for iPhone Samsung Oppo Vivo Asus Xiaomi,Rp240.000,https://www.bukalapak.com/p/handphone/headset-earphone/3c6ubev-jual-headphone-stereo-jbl-mdr-xb450ap-extra-bass-headset-handsfree-earphone-gaming-super-bass-compatible-for-iphone-samsung-oppo-vivo-asus-xiaomi?from=list-product&pos=29
30,Kaos Iphone 7 Logo Murah Kualitas Distro QHG,Rp240.000,https://www.bukalapak.com/p/fashion-pria/kaos-165/cxiv6t-jual-kaos-iphone-7-logo-murah-kualitas-distro-qhg?from=list-product&pos=30
31,kaos baju pakaian gadget handphone merek iphone murah QHG,Rp240.000,https://www.bukalapak.com/p/fashion-pria/kaos-165/g2y5n8-jual-kaos-baju-pakaian-gadget-handphone-merek-iphone-murah-qhg?from=list-product&pos=31
32,Kabel Data Iphone 5 6 7 8 9 X XS XR Kabel Lightning Iphone Original 2M,Rp240.000,https://www.bukalapak.com/p/handphone/aksesoris-handphone/kabel-data/1nceuvo-jual-kabel-data-iphone-5-6-7-8-9-x-xs-xr-kabel-lightning-iphone-original-2m?from=list-product&pos=32
33,Polo Shirt Kaos Kerah Apple Think Different I Phone Polo Gadget - Gilan Cloth,Rp240.000,https://www.bukalapak.com/p/fashion-pria/polo-shirt/3uk7zqf-jual-polo-shirt-kaos-kerah-apple-think-different-i-phone-polo-gadget-gilan-cloth?from=list-product&pos=33
34,Tempered glass 10D iphone 7 8 plus full screen 6D 5D 3D premium,Rp240.000,https://www.bukalapak.com/p/handphone/aksesoris-handphone/screen-guard/1agnnjt-jual-tempered-glass-10d-iphone-7-8-plus-full-screen-6d-5d-3d-premium?from=list-product&pos=34
35,Casing housing kesing iphone 11 pro max original copotan,Rp240.000,https://www.bukalapak.com/p/handphone/spare-part-tools-handphone/2ozv8uk-jual-casing-housing-kesing-iphone-11-pro-max-original-copotan?from=list-product&pos=35
36,Iphone 11 Pro Max 512GB,Rp240.000,https://www.bukalapak.com/p/handphone/hp-smartphone/2zwwxnc-jual-iphone-11-pro-max-512gb?from=list-product&pos=36
37,LCD + TOUCHSCREEN IPHONE 6S COMPLETE ORIGINAL,Rp240.000,https://www.bukalapak.com/p/handphone/spare-part-tools-handphone/1vwx2p-jual-lcd-touchscreen-iphone-6s-complete-original?from=list-product&pos=37
38,iphone 11 pro 64gb garansi resmi 1 tahun ibox,Rp240.000,https://www.bukalapak.com/p/handphone/hp-smartphone/336un8v-jual-iphone-11-pro-64gb-garansi-resmi-1-tahun-ibox?from=list-product&pos=38
39,Iphone Xs 64gb Second Fullset mulus ex inter,Rp240.000,https://www.bukalapak.com/p/handphone/hp-smartphone/2tfd1sm-jual-iphone-xs-64gb-second-fullset-mulus-ex-inter?from=list-product&pos=39
40,Tas slempang pria waterprof original Tas selempang anak cowok dewasa bag handphone i phone sling bag premium waistbag modern anti air,Rp240.000,https://www.bukalapak.com/p/fashion-pria/tas-pria/selempang/3dnt2n9-jual-tas-slempang-pria-waterprof-original-tas-selempang-anak-cowok-dewasa-bag-handphone-i-phone-sling-bag-premium-waistbag-modern-anti-air?from=list-product&pos=40
41,Case Casing Kulit IPhone 6 6s 6 Plus 7 7 Plus X EXCLUSIVE,Rp240.000,https://www.bukalapak.com/p/handphone/aksesoris-handphone/casing-cover/n6ym4s-jual-case-casing-kulit-iphone-6-6s-6-plus-7-7-plus-x-exclusive?from=list-product&pos=41
42,Case Casing Transparan IPhone 6 6s 6 6s Plus 7 8 7 8 Plus X,Rp240.000,https://www.bukalapak.com/p/handphone/aksesoris-handphone/casing-cover/hmy1z5-jual-case-casing-transparan-iphone-6-6s-6-6s-plus-7-8-7-8-plus-x?from=list-product&pos=42
43,iPhone Airpods - Earphone - Headset Bluetooth Wireless - inPods 12 TWS,Rp240.000,https://www.bukalapak.com/p/handphone/headset-earphone/2dplxr5-jual-iphone-airpods-earphone-headset-bluetooth-wireless-inpods-12-tws?from=list-product&pos=43
44,Aamir AEP7Y1 3.5mm Stereo Earphone Dengan Mikrofon Earbud In-Ear Headset Bass Suara Musik Earphone Untuk iPhone Xiaomi Huawei,Rp240.000,https://www.bukalapak.com/p/handphone/headset-earphone/3b0j5ao-jual-aamir-aep7y1-3-5mm-stereo-earphone-dengan-mikrofon-earbud-in-ear-headset-bass-suara-musik-earphone-untuk-iphone-xiaomi-huawei?from=list-product&pos=44
45,Kabel usb lightning adaptor charger iphone 6 7 8 plus X Xr Xs Original,Rp240.000,https://www.bukalapak.com/p/handphone/aksesoris-handphone/charger-177/1vlwsip-jual-kabel-usb-lightning-adaptor-charger-iphone-6-7-8-plus-x-xr-xs-original?from=list-product&pos=45
46,Tempered glass 10D iphone Xr Xs Max Xs X full screen cover 6D 5D 3D,Rp240.000,https://www.bukalapak.com/p/handphone/aksesoris-handphone/screen-guard/1agl6kr-jual-tempered-glass-10d-iphone-xr-xs-max-xs-x-full-screen-cover-6d-5d-3d?from=list-product&pos=46
47,Lightning cable usb charger kabel iphone 6 7 8 Plus Xr X Max original,Rp240.000,https://www.bukalapak.com/p/handphone/aksesoris-handphone/charger-177/1vlwr6n-jual-lightning-cable-usb-charger-kabel-iphone-6-7-8-plus-xr-x-max-original?from=list-product&pos=47
48,Adaptor lightning usb cable 2m charger iphone 6 6s 7 8 plus X Original,Rp240.000,https://www.bukalapak.com/p/handphone/aksesoris-handphone/charger-177/1xcjgw3-jual-adaptor-lightning-usb-cable-2m-charger-iphone-6-6s-7-8-plus-x-original?from=list-product&pos=48
49,Charger iPhone 11 Pro iPhone 11 Pro Max ORIGINAL 18W,Rp240.000,https://www.bukalapak.com/p/handphone/aksesoris-handphone/charger-177/3vjax91-jual-charger-iphone-11-pro-iphone-11-pro-max-original-18w?from=list-product&pos=49
50,Charger iPhone 7 7 Plus 8 8 Plus ORIGINAL 5V-1A Lightning Cable,Rp96.000,https://www.bukalapak.com/p/handphone/aksesoris-handphone/charger-177/16k2r20-jual-charger-iphone-7-7-plus-8-8-plus-original-5v-1a-lightning-cable?from=list-product&pos=0
51,Charger iPhone 6 6 Plus 6S 6S Plus ORIGINAL 5V-1A Lightning Cable,Rp96.000,https://www.bukalapak.com/p/handphone/aksesoris-handphone/charger-177/16k24h3-jual-charger-iphone-6-6-plus-6s-6s-plus-original-5v-1a-lightning-cable?from=list-product&pos=1
52,Adaptor Kepala Charger iPhone 7 7 Plus iPhone 8 8 Plus ORIGINAL 5V-1A,Rp96.000,https://www.bukalapak.com/p/handphone/aksesoris-handphone/charger-177/3q4tnql-jual-adaptor-kepala-charger-iphone-7-7-plus-iphone-8-8-plus-original-5v-1a?from=list-product&pos=2
53,Charger Iphone 11 ORIGINAL 5V-1A Lightning Cable,Rp96.000,https://www.bukalapak.com/p/handphone/aksesoris-handphone/charger-177/2ju7jdk-jual-charger-iphone-11-original-5v-1a-lightning-cable?from=list-product&pos=3
54,Adaptor Kepala Charger iPhone 6 6 Plus iPhone 6S 6S Plus ORIGINAL 5V-1A,Rp96.000,https://www.bukalapak.com/p/handphone/aksesoris-handphone/charger-177/3q4t8wf-jual-adaptor-kepala-charger-iphone-6-6-plus-iphone-6s-6s-plus-original-5v-1a?from=list-product&pos=4
55,Iphone 9,Rp96.000,https://www.bukalapak.com/p/handphone/hp-smartphone/1hp84os-jual-iphone-9?from=list-product&pos=5
56,OPPO A15 RAM 3GB ROM 32GB GARANSI RESMI OPPO INDONESIA,Rp96.000,https://www.bukalapak.com/p/handphone/hp-smartphone/40eu7iq-jual-oppo-a15-ram-3gb-rom-32gb-garansi-resmi-oppo-indonesia?from=list-product&pos=6
57,Apple iPhone 6S Plus 128gb Silver Second Mulus ex internasional USA fullset,Rp96.000,https://www.bukalapak.com/p/handphone/hp-smartphone/98mnog-jual-apple-iphone-6s-plus-128gb-silver-second-mulus-ex-internasional-usa-fullset?from=list-product&pos=7
58,iPhone XR 128GB 128 BLACK WHITE RED BLUE NANO ESIM SG SET Red,Rp96.000,https://www.bukalapak.com/p/handphone/hp-smartphone/1sp4los-jual-iphone-xr-128gb-128-black-white-red-blue-nano-esim-sg-set-red?from=list-product&pos=8
59,Iphone xs 64gb gold second fullset mulus ex inter,Rp96.000,https://www.bukalapak.com/p/handphone/hp-smartphone/2vqjmnq-jual-iphone-xs-64gb-gold-second-fullset-mulus-ex-inter?from=list-product&pos=9
60,Dual Connector Iphone 7 and Iphone 8 and Iphone X,Rp96.000,https://www.bukalapak.com/p/handphone/aksesoris-handphone/aksesoris-lainnya-2645/fs2c8z-jual-dual-connector-iphone-7-and-iphone-8-and-iphone-x?from=list-product&pos=10
61,Dual Connector Iphone 7 8 X lightning and Jack 35mm,Rp96.000,https://www.bukalapak.com/p/handphone/aksesoris-handphone/kabel-data/mnkxoz-jual-dual-connector-iphone-7-8-x-lightning-and-jack-35mm?from=list-product&pos=11
62,Charger dan Kabel Iphone Original,Rp96.000,https://www.bukalapak.com/p/handphone/aksesoris-handphone/charger-177/fungr7-jual-charger-dan-kabel-iphone-original?from=list-product&pos=12
63,Kabel Original Iphone,Rp96.000,https://www.bukalapak.com/p/handphone/aksesoris-handphone/kabel-data/dznnh3-jual-kabel-original-iphone?from=list-product&pos=13
64,Aamir ACHAR CHARGER Car Charger Dual-Port 5 V 2.4A Charger Kabel Cepat pengisian Adapter Dengan LED Display Untuk iPhone Samsung Xiaomi,Rp96.000,https://www.bukalapak.com/p/handphone/aksesoris-handphone/charger-177/3b0fgzh-jual-aamir-achar-charger-car-charger-dual-port-5-v-2-4a-charger-kabel-cepat-pengisian-adapter-dengan-led-display-untuk-iphone-samsung-xiaomi?from=list-product&pos=14
65,Charger iPhone X XR XS XS Max ORIGINAL 5V-1A Lightning Cable,Rp96.000,https://www.bukalapak.com/p/handphone/aksesoris-handphone/charger-177/16k3ifa-jual-charger-iphone-x-xr-xs-xs-max-original-5v-1a-lightning-cable?from=list-product&pos=15
66,Charger iPhone SE 5 5S 5C 5G ORIGINAL 5V-1A Lightning Cable,Rp96.000,https://www.bukalapak.com/p/handphone/aksesoris-handphone/charger-177/16k1bl3-jual-charger-iphone-se-5-5s-5c-5g-original-5v-1a-lightning-cable?from=list-product&pos=16
67,Adaptor Kepala Charger iPhone X XS XS MAX XR ORIGINAL 5 Watt 5V-1A,Rp96.000,https://www.bukalapak.com/p/handphone/aksesoris-handphone/charger-177/3q4u964-jual-adaptor-kepala-charger-iphone-x-xs-xs-max-xr-original-5-watt-5v-1a?from=list-product&pos=17
68,Adaptor Kepala Charger iPhone 5 5S iPhone 5C ORIGINAL 5 Watt 5V-1A,Rp96.000,https://www.bukalapak.com/p/handphone/aksesoris-handphone/charger-177/3q4sulk-jual-adaptor-kepala-charger-iphone-5-5s-iphone-5c-original-5-watt-5v-1a?from=list-product&pos=18
69,Adaptor Kepala Charger iPhone SE Series iPhone 11 ORIGINAL 5 Watt 5V-1A,Rp96.000,https://www.bukalapak.com/p/handphone/aksesoris-handphone/charger-177/3q4uoj6-jual-adaptor-kepala-charger-iphone-se-series-iphone-11-original-5-watt-5v-1a?from=list-product&pos=19
70,LCD TOUCHSCREEN IPHONE 6S,Rp96.000,https://www.bukalapak.com/p/handphone/spare-part-tools-handphone/34lho2d-jual-lcd-touchscreen-iphone-6s?from=list-product&pos=20
71,APPLE IPHONE 8 PLUS 64GB GOLD FU GSM ORIGINAL GARANSI 1 TAHUN,Rp96.000,https://www.bukalapak.com/p/handphone/hp-smartphone/3hxmcgk-jual-apple-iphone-8-plus-64gb-gold-fu-gsm-original-garansi-1-tahun?from=list-product&pos=21
72,iphone 8 plus 256 GB EX INTER,Rp96.000,https://www.bukalapak.com/p/handphone/hp-smartphone/2upl40h-jual-iphone-8-plus-256-gb-ex-inter?from=list-product&pos=22
73,IPHONE XR 128 SEKEN MULUS ORIGINAL,Rp96.000,https://www.bukalapak.com/p/handphone/tablet/2lntkmn-jual-iphone-xr-128-seken-mulus-original?from=list-product&pos=23
74,Apple iPhone 12 Pro 256GB Graphite Blue Gold Silver Garansi 1 Tahun,Rp96.000,https://www.bukalapak.com/p/handphone/hp-smartphone/3v0n7f2-jual-apple-iphone-12-pro-256gb-graphite-blue-gold-silver-garansi-1-tahun?from=list-product&pos=24
75,Tempered Glass Iphone X. XR. XS. XS Max. 11. 11 Pro. 11 Pro Max,Rp96.000,https://www.bukalapak.com/p/handphone/aksesoris-handphone/screen-guard/2itqnkw-jual-tempered-glass-iphone-x-xr-xs-xs-max-11-11-pro-11-pro-max?from=list-product&pos=25
76,Original Headset Bluetooth Apple Airpod or Airpods For IPhone 7 and 7 Plus Wireless Earphone,Rp96.000,https://www.bukalapak.com/p/handphone/headset-earphone/9jn2bx-jual-original-headset-bluetooth-apple-airpod-or-airpods-for-iphone-7-and-7-plus-wireless-earphone?from=list-product&pos=26
77,Carbon Case Casing iPhone 5 5s 5SE 6 6s 6plus 6s plus 7 7plus,Rp96.000,https://www.bukalapak.com/p/handphone/aksesoris-handphone/casing-cover/f6d1q8-jual-carbon-case-casing-iphone-5-5s-5se-6-6s-6plus-6s-plus-7-7plus?from=list-product&pos=27
78,Case Casing Transparan iPhone X XS XR XS Max,Rp96.000,https://www.bukalapak.com/p/handphone/aksesoris-handphone/casing-cover/sqo5p3-jual-case-casing-transparan-iphone-x-xs-xr-xs-max?from=list-product&pos=28
79,Case iPhone 11 Pro Max - Hardcase Magnetic Double Glass Sided Premium - Casing 360 Full proteck Terlaris,Rp96.000,https://www.bukalapak.com/p/handphone/aksesoris-handphone/casing-cover/2ouww9v-jual-case-iphone-11-pro-max-hardcase-magnetic-double-glass-sided-premium-casing-360-full-proteck-terlaris?from=list-product&pos=29
80,Adapter charger iphone 6 7 8 plus X Xr Xs Max batok adaptor original,Rp96.000,https://www.bukalapak.com/p/handphone/aksesoris-handphone/charger-177/1vlwr5e-jual-adapter-charger-iphone-6-7-8-plus-x-xr-xs-max-batok-adaptor-original?from=list-product&pos=30
81,Adaptor charger usb lightning cable iphone 6 7 8 plus X Xr Xs original,Rp96.000,https://www.bukalapak.com/p/handphone/aksesoris-handphone/charger-177/1agoj5v-jual-adaptor-charger-usb-lightning-cable-iphone-6-7-8-plus-x-xr-xs-original?from=list-product&pos=31
82,Kabel Data / Charger Iphone 6 5 5s 5c 6+ plus Lightning USB ORIGINAL APPLE,Rp96.000,https://www.bukalapak.com/p/handphone/aksesoris-handphone/kabel-data/8y8dp-jual-kabel-data-charger-iphone-6-5-5s-5c-6-plus-lightning-usb-original-apple?from=list-product&pos=32
83,Kabel Charger Iphone 7 6s 6+ 6 plus 5 5s 5c Ipad Ipod USB Data Cable Apple,Rp96.000,https://www.bukalapak.com/p/handphone/aksesoris-handphone/charger-177/38jabf-jual-kabel-charger-iphone-7-6s-6-6-plus-5-5s-5c-ipad-ipod-usb-data-cable-apple?from=list-product&pos=33
84,USB Kabel iPhone X 10 8 7 6s ipad ipod itouch original Apple lightning cable Charger,Rp96.000,https://www.bukalapak.com/p/handphone/aksesoris-handphone/kabel-data/clk3gr-jual-usb-kabel-iphone-x-10-8-7-6s-ipad-ipod-itouch-original-apple-lightning-cable-charger?from=list-product&pos=34
85,Lcd touchscreen iphone 11 pro max original copotan,Rp96.000,https://www.bukalapak.com/p/handphone/spare-part-tools-handphone/2kaucgp-jual-lcd-touchscreen-iphone-11-pro-max-original-copotan?from=list-product&pos=35
86,BASEUS Lightning To 3.5mm 2 in 1 Headphone Jack Aux Cable Audio Cable Adapter For iPhone 7 8 Plus X 10 Earphone,Rp96.000,https://www.bukalapak.com/p/handphone/aksesoris-handphone/kabel-data/iom7yw-jual-baseus-lightning-to-3-5mm-2-in-1-headphone-jack-aux-cable-audio-cable-adapter-for-iphone-7-8-plus-x-10-earphone?from=list-product&pos=36
87,APPLE IPHONE 7PLUS 128GB SILVER FULLSET ORIGINAL,Rp96.000,https://www.bukalapak.com/p/handphone/hp-smartphone/3i1red2-jual-apple-iphone-7plus-128gb-silver-fullset-original?from=list-product&pos=37
88,Iphone XS MAX 64gb silver dual sim single on original second,Rp96.000,https://www.bukalapak.com/p/handphone/hp-smartphone/1u7ajli-jual-iphone-xs-max-64gb-silver-dual-sim-single-on-original-second?from=list-product&pos=38
89,Mystery Box - Mystery box hp - Mistery box hp original - Mystery box iphone - mystery box kejutan - misteri box hp- mystery box isi sepatu,Rp96.000,https://www.bukalapak.com/p/handphone/aksesoris-handphone/aksesoris-lainnya-2645/3xy079x-jual-mystery-box-mystery-box-hp-mistery-box-hp-original-mystery-box-iphone-mystery-box-kejutan-misteri-box-hp-mystery-box-isi-sepatu?from=list-product&pos=39
90,Ugreen iPhone X 8 Travel Charger Power Delivery 18W PD 2.0 Fast Charging,Rp96.000,https://www.bukalapak.com/p/handphone/aksesoris-handphone/charger-177/1wlp4xa-jual-ugreen-iphone-x-8-travel-charger-power-delivery-18w-pd-2-0-fast-charging?from=list-product&pos=40
91,Case Casing Soft Matte iPhone 6 6s 6 6s Plus 7 7 Plus X,Rp96.000,https://www.bukalapak.com/p/handphone/aksesoris-handphone/casing-cover/hmy0cf-jual-case-casing-soft-matte-iphone-6-6s-6-6s-plus-7-7-plus-x?from=list-product&pos=41
92,charger iphone 5 6 7 original 100persen cas cager chager casan,Rp96.000,https://www.bukalapak.com/p/handphone/aksesoris-handphone/charger-177/b5vipc-jual-charger-iphone-5-6-7-original-100persen-cas-cager-chager-casan?from=list-product&pos=42
93,Aamir ALWAPPDATA Kabel Petir Kabel USB Data Pengisian Cepat Untuk iPhone iPad iPod,Rp96.000,https://www.bukalapak.com/p/handphone/aksesoris-handphone/kabel-data/3b06bal-jual-aamir-alwappdata-kabel-petir-kabel-usb-data-pengisian-cepat-untuk-iphone-ipad-ipod?from=list-product&pos=43
94,Case Casing New Transparan iPhone 6 6s 6 6s Plus 7 8 7 8 Plus X,Rp96.000,https://www.bukalapak.com/p/handphone/aksesoris-handphone/casing-cover/hmy1cl-jual-case-casing-new-transparan-iphone-6-6s-6-6s-plus-7-8-7-8-plus-x?from=list-product&pos=44
95,Charger kabel Usb type C lightning cable apple Iphone 7 8plus X Xr Xs Max,Rp96.000,https://www.bukalapak.com/p/handphone/aksesoris-handphone/kabel-data/1xmgm5h-jual-charger-kabel-usb-type-c-lightning-cable-apple-iphone-7-8plus-x-xr-xs-max?from=list-product&pos=45
96,Lightning to USB Cable 2m kabel charger iphone X Xr Xs max 6 7 8 plus,Rp96.000,https://www.bukalapak.com/p/handphone/aksesoris-handphone/kabel-data/1xmesgc-jual-lightning-to-usb-cable-2m-kabel-charger-iphone-x-xr-xs-max-6-7-8-plus?from=list-product&pos=46
97,tempered glass 5D full cover warna 4D 3D iphone 6 6s 6plus 6splus 7 7plus 8 8plus X premium,Rp96.000,https://www.bukalapak.com/p/handphone/aksesoris-handphone/screen-guard/iw3j5i-jual-tempered-glass-5d-full-cover-warna-4d-3d-iphone-6-6s-6plus-6splus-7-7plus-8-8plus-x-premium?from=list-product&pos=47
98,Charger dan Kabel Iphone Original,Rp96.000,https://www.bukalapak.com/p/handphone/aksesoris-handphone/charger-177/fungr7-jual-charger-dan-kabel-iphone-original?from=list-product&pos=48
99,Headset Earpods Iphone 7 8 X Original,Rp96.000,https://www.bukalapak.com/p/handphone/headset-earphone/mnb30n-jual-headset-earpods-iphone-7-8-x-original?from=list-product&pos=49
100,Kabel Iphone 11 Pro 12 Pro 11 Pro Max 12 Pro Max Type C Kabel Data Kabel Lightning 2M,Rp165.000,https://www.bukalapak.com/p/handphone/aksesoris-handphone/kabel-data/40acvfc-jual-kabel-iphone-11-pro-12-pro-11-pro-max-12-pro-max-type-c-kabel-data-kabel-lightning-2m?from=list-product&pos=0
101,Charger casan adapter Usb cable kabel data iphone Apple 5 5s 6 6s dan 7,Rp165.000,https://www.bukalapak.com/p/handphone/aksesoris-handphone/charger-177/1061uym-jual-charger-casan-adapter-usb-cable-kabel-data-iphone-apple-5-5s-6-6s-dan-7?from=list-product&pos=1
102,Connector Converter Iphone 7 8 X lightning to Jack 35mm Original,Rp165.000,https://www.bukalapak.com/p/handphone/aksesoris-handphone/kabel-data/mnbiqh-jual-connector-converter-iphone-7-8-x-lightning-to-jack-35mm-original?from=list-product&pos=2
103,Adaptor 18W USB C to Lightning Fast Charging iphone X Xr Xs 11 Pro Max,Rp165.000,https://www.bukalapak.com/p/handphone/aksesoris-handphone/charger-177/2ik2p9k-jual-adaptor-18w-usb-c-to-lightning-fast-charging-iphone-x-xr-xs-11-pro-max?from=list-product&pos=3
104,Lightning usb cable data apple iphone 6 6s 7 8 plus X original charger,Rp165.000,https://www.bukalapak.com/p/handphone/aksesoris-handphone/kabel-data/12nli4z-jual-lightning-usb-cable-data-apple-iphone-6-6s-7-8-plus-x-original-charger?from=list-product&pos=4
105,Scanner Mobil OBD2 Xtool Anyscan A30 Full sistem Android IOS iPhone Tanpa Kabel Ekstensi,Rp165.000,https://www.bukalapak.com/p/mobil-part-dan-aksesoris/aksesoris-mobil/peralatan-perkakas-mobil/3vq3hpg-jual-scanner-mobil-obd2-xtool-anyscan-a30-full-sistem-android-ios-iphone-tanpa-kabel-ekstensi?from=list-product&pos=5
106,Apple iPhone Dummy Super Big-Bang,Rp165.000,https://www.bukalapak.com/p/handphone/hp-smartphone/300ig0m-jual-apple-iphone-dummy-super-big-bang?from=list-product&pos=6
107,iphone xs 64gb second mulus ex garansi internasional,Rp165.000,https://www.bukalapak.com/p/handphone/hp-smartphone/3inwfkq-jual-iphone-xs-64gb-second-mulus-ex-garansi-internasional?from=list-product&pos=7
108,IPhone XS MAX 256 GB - FULLSET - 256GB - APPLE - Semarang,Rp165.000,https://www.bukalapak.com/p/handphone/hp-smartphone/2bab821-jual-iphone-xs-max-256-gb-fullset-256gb-apple-semarang?from=list-product&pos=8
109,iphone 8 64gb red second fullset mulus ex inter,Rp165.000,https://www.bukalapak.com/p/handphone/hp-smartphone/2mxsqmm-jual-iphone-8-64gb-red-second-fullset-mulus-ex-inter?from=list-product&pos=9
110,Battery Batre Baterai Iphone 6 6S 6 Plus 6S Plus Original &amp; 1 Set Repair Tools Kit,Rp165.000,https://www.bukalapak.com/p/handphone/aksesoris-handphone/baterai-176/grf11f-jual-battery-batre-baterai-iphone-6-6s-6-plus-6s-plus-original-1-set-repair-tools-kit?from=list-product&pos=10
111,Aamir A3EPBALCK 3.5mm Stereo Earphone Dengan Mikrofon Earbud In-Ear Headset Bass Suara Musik Earphone Untuk iPhone Xiaomi Huawei,Rp165.000,https://www.bukalapak.com/p/handphone/headset-earphone/3b0ks2s-jual-aamir-a3epbalck-3-5mm-stereo-earphone-dengan-mikrofon-earbud-in-ear-headset-bass-suara-musik-earphone-untuk-iphone-xiaomi-huawei?from=list-product&pos=11
112,Kabel Data / Charger Iphone 6 5 5s 5c 6+ plus Lightning USB ORIGINAL APPLE,Rp165.000,https://www.bukalapak.com/p/handphone/aksesoris-handphone/kabel-data/8y8dp-jual-kabel-data-charger-iphone-6-5-5s-5c-6-plus-lightning-usb-original-apple?from=list-product&pos=12
113,Case Casing Kulit IPhone X XS XR XS MAX EXCLUSIVE,Rp165.000,https://www.bukalapak.com/p/handphone/aksesoris-handphone/casing-cover/18vz97f-jual-case-casing-kulit-iphone-x-xs-xr-xs-max-exclusive?from=list-product&pos=13
114,tre Fast Quick CAR Charger3 portsUSB 16W 5 9 12V 3.2A for Android iPhone Color black,Rp165.000,https://www.bukalapak.com/p/mobil-part-dan-aksesoris/aksesoris-mobil/peralatan-perkakas-mobil/2kr09n9-jual-tre-fast-quick-car-charger3-portsusb-16w-5-9-12v-3-2a-for-android-iphone-color-black?from=list-product&pos=14
115,Tempered glass 6D iphone Xr Xs Max X Xs full screen cover 5D 4D 3D,Rp165.000,https://www.bukalapak.com/p/handphone/aksesoris-handphone/screen-guard/1vlwst4-jual-tempered-glass-6d-iphone-xr-xs-max-x-xs-full-screen-cover-5d-4d-3d?from=list-product&pos=15
116,USB OTG Flash Drive Disk Flashdisk Iphone Android 3 in 1 32GB,Rp165.000,https://www.bukalapak.com/p/komputer/aksesoris-226/flashdisk/20fr91j-jual-usb-otg-flash-drive-disk-flashdisk-iphone-android-3-in-1-32gb?from=list-product&pos=16
117,Tempered glass 10D iphone X XS full screen 6D 5D 3D premium japan,Rp165.000,https://www.bukalapak.com/p/handphone/aksesoris-handphone/screen-guard/1vlwt4i-jual-tempered-glass-10d-iphone-x-xs-full-screen-6d-5d-3d-premium-japan?from=list-product&pos=17
118,USB OTG Flash Drive Disk Flashdisk Iphone Android 3 in 1 64GB,Rp165.000,https://www.bukalapak.com/p/komputer/aksesoris-226/flashdisk/20fsabh-jual-usb-otg-flash-drive-disk-flashdisk-iphone-android-3-in-1-64gb?from=list-product&pos=18
119,Kabel Charger Iphone Aukey CB-CL1 Mfi USB C to Lightning 1.2m White - 500709,Rp165.000,https://www.bukalapak.com/p/handphone/aksesoris-handphone/kabel-data/409smix-jual-kabel-charger-iphone-aukey-cb-cl1-mfi-usb-c-to-lightning-1-2m-white-500709?from=list-product&pos=19
120,iPhone 8 plus Ultimate Premium - Hp Batam Harga Termurah - Pstore,Rp165.000,https://www.bukalapak.com/p/elektronik/headphone/42ce3fq-jual-iphone-8-plus-ultimate-premium-hp-batam-harga-termurah-pstore?from=list-product&pos=20
121,Iphone Xs 256gb Dual Sim Single On Second Fullset No Minus,Rp165.000,https://www.bukalapak.com/p/handphone/hp-smartphone/1t00ndk-jual-iphone-xs-256gb-dual-sim-single-on-second-fullset-no-minus?from=list-product&pos=21
122,iPhone 5S,Rp165.000,https://www.bukalapak.com/p/handphone/hp-smartphone/2kal09i-jual-iphone-5s?from=list-product&pos=22
123,Promo Iphone Xs 64 GB,Rp165.000,https://www.bukalapak.com/p/handphone/hp-smartphone/2n4zy7f-jual-promo-iphone-xs-64-gb?from=list-product&pos=23
124,Iphone xs max 64gb gold second fullset mulus,Rp165.000,https://www.bukalapak.com/p/handphone/hp-smartphone/1quvazd-jual-iphone-xs-max-64gb-gold-second-fullset-mulus?from=list-product&pos=24
125,Case Casing Anti Heat iPhone 6 6s 6plus 6S Plus 7 7plus 8 8plus X,Rp165.000,https://www.bukalapak.com/p/handphone/aksesoris-handphone/casing-cover/fu1u5m-jual-case-casing-anti-heat-iphone-6-6s-6plus-6s-plus-7-7plus-8-8plus-x?from=list-product&pos=25
126,Case Casing Anti Crash iPhone 6 6s 6 6s Plus 7 8 7 8 Plus X,Rp165.000,https://www.bukalapak.com/p/handphone/aksesoris-handphone/casing-cover/jowisi-jual-case-casing-anti-crash-iphone-6-6s-6-6s-plus-7-8-7-8-plus-x?from=list-product&pos=26
127,Case Casing Kulit iPhone X,Rp165.000,https://www.bukalapak.com/p/handphone/aksesoris-handphone/casing-cover/db0sxt-jual-case-casing-kulit-iphone-x?from=list-product&pos=27
128,Tempered Glass Iphone 6 dan 6plus 6S dan 6Plus,Rp165.000,https://www.bukalapak.com/p/handphone/aksesoris-handphone/screen-guard/fug79v-jual-tempered-glass-iphone-6-dan-6plus-6s-dan-6plus?from=list-product&pos=28
129,Kabel Data LED Baseus Halo Fast Charging iPhone Micro USB Type-C 1M,Rp165.000,https://www.bukalapak.com/p/handphone/aksesoris-handphone/kabel-data/2d70b1h-jual-kabel-data-led-baseus-halo-fast-charging-iphone-micro-usb-type-c-1m?from=list-product&pos=29
130,Kabel iPhone Aukey CB-CL12 USB C to Ligthning Portable 18cm - 500707,Rp165.000,https://www.bukalapak.com/p/handphone/aksesoris-handphone/kabel-data/404ho4g-jual-kabel-iphone-aukey-cb-cl12-usb-c-to-ligthning-portable-18cm-500707?from=list-product&pos=30
131,Kabel Data Iphone 11 ORIGINAL Lighting Cable,Rp165.000,https://www.bukalapak.com/p/handphone/aksesoris-handphone/kabel-data/2ju8q1j-jual-kabel-data-iphone-11-original-lighting-cable?from=list-product&pos=31
132,Kabel Data iPhone X XR XS XS Max ORIGINAL Lightning Cable,Rp165.000,https://www.bukalapak.com/p/handphone/aksesoris-handphone/kabel-data/17fzwgu-jual-kabel-data-iphone-x-xr-xs-xs-max-original-lightning-cable?from=list-product&pos=32
133,Kabel Data iPhone 7 7 Plus 8 8 Plus ORIGINAL Lightning Cable,Rp165.000,https://www.bukalapak.com/p/handphone/aksesoris-handphone/kabel-data/17fzg4d-jual-kabel-data-iphone-7-7-plus-8-8-plus-original-lightning-cable?from=list-product&pos=33
134,Kabel Data iPhone 11 Pro iPhone 11 Pro Max ORIGINAL USB C To Lightning Cable,Rp165.000,https://www.bukalapak.com/p/handphone/aksesoris-handphone/kabel-data/3vjd8mf-jual-kabel-data-iphone-11-pro-iphone-11-pro-max-original-usb-c-to-lightning-cable?from=list-product&pos=34
135,Tongsis Tripod Bluetooth Universal stand - Selfie stick Tripod Hybrid Fungtion With Bluetooth Key - Support Xiaomi Samsung iPhone oppo vivo huawei,Rp165.000,https://www.bukalapak.com/p/kamera/monopod-tripod-rig/1f4jdv0-jual-tongsis-tripod-bluetooth-universal-stand-selfie-stick-tripod-hybrid-fungtion-with-bluetooth-key-support-xiaomi-samsung-iphone-oppo-vivo-huawei?from=list-product&pos=35
136,iPhone 11 256GB - NEW BINB - GARANSI RESMI IBOX,Rp165.000,https://www.bukalapak.com/p/handphone/hp-smartphone/42o3uvr-jual-iphone-11-256gb-new-binb-garansi-resmi-ibox?from=list-product&pos=36
137,LCD TOUCHSCREEN IPHONE 7 ORIGINAL,Rp165.000,https://www.bukalapak.com/p/handphone/spare-part-tools-handphone/5y55kt-jual-lcd-touchscreen-iphone-7-original?from=list-product&pos=37
138,HP IPHONE 11 128GB INTERNASIONAL,Rp165.000,https://www.bukalapak.com/p/handphone/hp-smartphone/2d8mb6y-jual-hp-iphone-11-128gb-internasional?from=list-product&pos=38
139,APPLE IPHONE XS 256GB NEW BNIB ORI,Rp165.000,https://www.bukalapak.com/p/handphone/hp-smartphone/15wd5z5-jual-apple-iphone-xs-256gb-new-bnib-ori?from=list-product&pos=39
140,Apple iphone charging cable high speed fast charger data short long micro usb Charging line 1m,Rp165.000,https://www.bukalapak.com/p/handphone/aksesoris-handphone/kabel-data/2iwqjn0-jual-apple-iphone-charging-cable-high-speed-fast-charger-data-short-long-micro-usb-charging-line-1m?from=list-product&pos=40
141,Case Casing Kulit iPhone X XS XR XS Max,Rp165.000,https://www.bukalapak.com/p/handphone/aksesoris-handphone/casing-cover/ya8p7p-jual-case-casing-kulit-iphone-x-xs-xr-xs-max?from=list-product&pos=41
142,Case Casing Kulit iPhone 11 iPhone 11 Pro iPhone 11 Pro Max,Rp165.000,https://www.bukalapak.com/p/handphone/aksesoris-handphone/casing-cover/2fajcrg-jual-case-casing-kulit-iphone-11-iphone-11-pro-iphone-11-pro-max?from=list-product&pos=42
143,Metal Case Hardcase Lunatik Taktik Extreme Iphone 7 PLUS 8 8 PLUS,Rp165.000,https://www.bukalapak.com/p/handphone/aksesoris-handphone/casing-cover/gqpzte-jual-metal-case-hardcase-lunatik-taktik-extreme-iphone-7-plus-8-8-plus?from=list-product&pos=43
144,CHARGER IPHONE LIGHTNING ORIGINAL 5. 6. 7. 7 PLUS. 8. 8 PLUS. X. XS,Rp165.000,https://www.bukalapak.com/p/handphone/aksesoris-handphone/baterai-176/2rmhf1b-jual-charger-iphone-lightning-original-5-6-7-7-plus-8-8-plus-x-xs?from=list-product&pos=44
145,Kabel Apple Lightning Digital AV to Adapter HDMI iphone ipad original,Rp165.000,https://www.bukalapak.com/p/elektronik/aksesoris-tv-video/208uz5d-jual-kabel-apple-lightning-digital-av-to-adapter-hdmi-iphone-ipad-original?from=list-product&pos=45
146,Tempered glass full 6D iphone 6 6s 6plus cover premium jepang 5D 4D 3D,Rp165.000,https://www.bukalapak.com/p/handphone/aksesoris-handphone/screen-guard/13o1fk0-jual-tempered-glass-full-6d-iphone-6-6s-6plus-cover-premium-jepang-5d-4d-3d?from=list-product&pos=46
147,Original ESR Power Delivery PD Charger 41W 1 USB-C dan 2 USB-A iPhone Samsung,Rp165.000,https://www.bukalapak.com/p/handphone/aksesoris-handphone/charger-177/2kcw66r-jual-original-esr-power-delivery-pd-charger-41w-1-usb-c-dan-2-usb-a-iphone-samsung?from=list-product&pos=47
148,Casing Cover Case iPhone 11 Pro Max &amp; 11 Pro &amp; 11 - Original ESR Essential Air Shield Clear Ultra Slim,Rp165.000,https://www.bukalapak.com/p/handphone/aksesoris-handphone/casing-cover/2b223by-jual-casing-cover-case-iphone-11-pro-max-11-pro-11-original-esr-essential-air-shield-clear-ultra-slim?from=list-product&pos=48
149,Original ESR Tempered Glass iPhone 11 Pro Max &amp; 11 Pro &amp; 11 - Anti Gores &amp; Screen Guard &amp; Antigores &amp; Full,Rp165.000,https://www.bukalapak.com/p/handphone/aksesoris-handphone/screen-guard/3g9qnkx-jual-original-esr-tempered-glass-iphone-11-pro-max-11-pro-11-anti-gores-screen-guard-antigores-full?from=list-product&pos=49
150,Original ESR Tempered Glass iPhone X &amp; Xs &amp; Xr &amp; Xs Max - Anti Gores &amp; Screen Guard,Rp125.000,https://www.bukalapak.com/p/handphone/aksesoris-handphone/screen-guard/1or0fkx-jual-original-esr-tempered-glass-iphone-x-xs-xr-xs-max-anti-gores-screen-guard?from=list-product&pos=0
151,Batre Batrei Battery Apple Iphone 6 Original,Rp125.000,https://www.bukalapak.com/p/handphone/aksesoris-handphone/baterai-176/er9icy-jual-batre-batrei-battery-apple-iphone-6-original?from=list-product&pos=1
152,Best Seller Airpods Pro Wireless for Iphone Original Final Manufacture,Rp125.000,https://www.bukalapak.com/p/handphone/headset-earphone/43teris-jual-best-seller-airpods-pro-wireless-for-iphone-original-final-manufacture?from=list-product&pos=2
153,HANDSFREE HEADSET EARPODS IPHONE 7 8 X XS LIGHTNING ORIGINAL,Rp125.000,https://www.bukalapak.com/p/handphone/headset-earphone/2gjiknd-jual-handsfree-headset-earpods-iphone-7-8-x-xs-lightning-original?from=list-product&pos=3
154,Tempered glass warna full 5D 4D 3D iphone 6 6plus 7 7plus 8 8plus x,Rp125.000,https://www.bukalapak.com/p/handphone/aksesoris-handphone/screen-guard/1vlwtvq-jual-tempered-glass-warna-full-5d-4d-3d-iphone-6-6plus-7-7plus-8-8plus-x?from=list-product&pos=4
155,VYATTA TURBO V FAST WIRELESS 15W POWERBANK VOOC &amp; QC3.0 22.5W - Phone Stand - OPPO - RealMe - Vivo - iPhone,Rp125.000,https://www.bukalapak.com/p/handphone/power-bank/40rnkpn-jual-vyatta-turbo-v-fast-wireless-15w-powerbank-vooc-qc3-0-22-5w-phone-stand-oppo-realme-vivo-iphone?from=list-product&pos=5
156,APPLE IPHONE 7PLUS 128GB BLACK FU GSM ORIGINAL GARANSI 1 TAHUN,Rp125.000,https://www.bukalapak.com/p/handphone/hp-smartphone/3hxle8t-jual-apple-iphone-7plus-128gb-black-fu-gsm-original-garansi-1-tahun?from=list-product&pos=6
157,JOYSEUS In-Ear Earphone For iPhone HIFI Stereo Wired - EP0014,Rp125.000,https://www.bukalapak.com/p/handphone/headset-earphone/15jkw9u-jual-joyseus-in-ear-earphone-for-iphone-hifi-stereo-wired-ep0014?from=list-product&pos=7
158,SanDisk iXpand Flip 64GB USB 3.0 Flash Drive for iPhone iPad - FlashDisk,Rp125.000,https://www.bukalapak.com/p/komputer/aksesoris-226/flashdisk/3wwfxy7-jual-sandisk-ixpand-flip-64gb-usb-3-0-flash-drive-for-iphone-ipad-flashdisk?from=list-product&pos=8
159,LCD TOUCHSCREEN IPHONE XR ORIGINAL,Rp125.000,https://www.bukalapak.com/p/handphone/spare-part-tools-handphone/2qeuwo7-jual-lcd-touchscreen-iphone-xr-original?from=list-product&pos=9
160,ice Bluetooth V5.0 Earphone Wireless Earphone Stereo Sport Wireless Headphone Earbuds Headset 2000 mAh Power untuk iPhone Xiaomi,Rp125.000,https://www.bukalapak.com/p/elektronik/headphone/2jfz4rd-jual-ice-bluetooth-v5-0-earphone-wireless-earphone-stereo-sport-wireless-headphone-earbuds-headset-2000-mah-power-untuk-iphone-xiaomi?from=list-product&pos=10
161,Aamir A5EP35MM 3.5mm Stereo Earphone Dengan Mikrofon Earbud In-Ear Headset Bass Suara Musik Earphone Untuk iPhone Xiaomi Huawei,Rp125.000,https://www.bukalapak.com/p/handphone/headset-earphone/3b0olml-jual-aamir-a5ep35mm-3-5mm-stereo-earphone-dengan-mikrofon-earbud-in-ear-headset-bass-suara-musik-earphone-untuk-iphone-xiaomi-huawei?from=list-product&pos=11
162,Headset Earpods Iphone 7 8 X Original,Rp125.000,https://www.bukalapak.com/p/handphone/headset-earphone/mnb30n-jual-headset-earpods-iphone-7-8-x-original?from=list-product&pos=12
163,Adapter Lightning Iphone 7 Ke Audio Jack 3.5mm Headphone,Rp125.000,https://www.bukalapak.com/p/handphone/aksesoris-handphone/kabel-data/abimix-jual-adapter-lightning-iphone-7-ke-audio-jack-3-5mm-headphone?from=list-product&pos=13
164,tre Bluetooth V5.0 Earphone Wireless Earphones Stereo Sport Wireless Headphones Earbuds Headset 2000 mAh Power for iPhone Xiaomi Color black,Rp125.000,https://www.bukalapak.com/p/elektronik/headphone/2kqzx90-jual-tre-bluetooth-v5-0-earphone-wireless-earphones-stereo-sport-wireless-headphones-earbuds-headset-2000-mah-power-for-iphone-xiaomi-color-black?from=list-product&pos=14
165,Dual connector iphone 7 8 plus X Xs lightning and jack 3.5mm original,Rp125.000,https://www.bukalapak.com/p/komputer/laptop/1vlwr27-jual-dual-connector-iphone-7-8-plus-x-xs-lightning-and-jack-3-5mm-original?from=list-product&pos=15
166,Case original silicon apple iphone 6 6s plus 7 8 plus hard soft casing,Rp125.000,https://www.bukalapak.com/p/handphone/aksesoris-handphone/casing-cover/13cohl6-jual-case-original-silicon-apple-iphone-6-6s-plus-7-8-plus-hard-soft-casing?from=list-product&pos=16
167,Earpod headset handsfree apple iphone 8 7 plus X Xr Xs Max Original,Rp125.000,https://www.bukalapak.com/p/elektronik/portable-audio-player/1vlwq2n-jual-earpod-headset-handsfree-apple-iphone-8-7-plus-x-xr-xs-max-original?from=list-product&pos=17
168,Converter lightning to headphone jack 3.5mm iphone 7 8 X max original,Rp125.000,https://www.bukalapak.com/p/handphone/aksesoris-handphone/aksesoris-lainnya-2645/1ndlbfv-jual-converter-lightning-to-headphone-jack-3-5mm-iphone-7-8-x-max-original?from=list-product&pos=18
169,Adaptor USB C lightning Fast Charging Iphone 7 8 X Xr Xs 11 11 Pro Max,Rp125.000,https://www.bukalapak.com/p/handphone/aksesoris-handphone/charger-177/2ik3jek-jual-adaptor-usb-c-lightning-fast-charging-iphone-7-8-x-xr-xs-11-11-pro-max?from=list-product&pos=19
170,Iphone 12 Promax 128GB Original Apple,Rp125.000,https://www.bukalapak.com/p/handphone/hp-smartphone/42uke6k-jual-iphone-12-promax-128gb-original-apple?from=list-product&pos=20
171,IPHONE XS 64GB SECOND FULLSET MULUS,Rp125.000,https://www.bukalapak.com/p/handphone/hp-smartphone/2o08gs2-jual-iphone-xs-64gb-second-fullset-mulus?from=list-product&pos=21
172,iPhone 11 128Gb red Second Fullset Like New No Minus,Rp125.000,https://www.bukalapak.com/p/handphone/hp-smartphone/3pecb8a-jual-iphone-11-128gb-red-second-fullset-like-new-no-minus?from=list-product&pos=22
173,IPhone XS 64 GB SEKEN EXINTER,Rp125.000,https://www.bukalapak.com/p/handphone/hp-smartphone/2hc7cg0-jual-iphone-xs-64-gb-seken-exinter?from=list-product&pos=23
174,iPhone SE 2020 iPhone 7 iPhone 8 Case IBlasson Cosmo Marble 0.38mm,Rp125.000,https://www.bukalapak.com/p/handphone/aksesoris-handphone/casing-cover/39qypyv-jual-iphone-se-2020-iphone-7-iphone-8-case-iblasson-cosmo-marble-0-38mm?from=list-product&pos=24
175,LIGHTNING KABEL DATA CHARGER IPHONE ORIGINAL,Rp125.000,https://www.bukalapak.com/p/handphone/aksesoris-handphone/kabel-data/2sknmku-jual-lightning-kabel-data-charger-iphone-original?from=list-product&pos=25
176,Aamir APJDATA3IN1 3 in 1 90 Derajat Kabel Gaming Micro USB Type-C Lightning Pengisian Kabel Game Untuk iPhone Samsung Xiaomi Huawei,Rp125.000,https://www.bukalapak.com/p/handphone/aksesoris-handphone/kabel-data/3b08xca-jual-aamir-apjdata3in1-3-in-1-90-derajat-kabel-gaming-micro-usb-type-c-lightning-pengisian-kabel-game-untuk-iphone-samsung-xiaomi-huawei?from=list-product&pos=26
177,Case Casing Kulit IPhone 11 iPhone 11 Pro iPhone 11 Pro Max EXCLUSIVE,Rp125.000,https://www.bukalapak.com/p/handphone/aksesoris-handphone/casing-cover/2faj7xa-jual-case-casing-kulit-iphone-11-iphone-11-pro-iphone-11-pro-max-exclusive?from=list-product&pos=27
178,AamirA3EPRED 3.5mm Stereo Earphone Dengan Mikrofon Earbud In-Ear Headset Bass Suara Musik Earphone Untuk iPhone Xiaomi Huawei,Rp125.000,https://www.bukalapak.com/p/handphone/headset-earphone/3b0kx0k-jual-aamira3epred-3-5mm-stereo-earphone-dengan-mikrofon-earbud-in-ear-headset-bass-suara-musik-earphone-untuk-iphone-xiaomi-huawei?from=list-product&pos=28
179,Apple iPhone 7 32GB - Free Tempred Glass,Rp125.000,https://www.bukalapak.com/p/handphone/hp-smartphone/uwdhol-jual-apple-iphone-7-32gb-free-tempred-glass?from=list-product&pos=29
180,Apple Lightning to Digital AV Adapter To HDMI TV Iphone 6 7 8 plus X,Rp125.000,https://www.bukalapak.com/p/elektronik/aksesoris-tv-video/208medo-jual-apple-lightning-to-digital-av-adapter-to-hdmi-tv-iphone-6-7-8-plus-x?from=list-product&pos=30
181,Tempered glass 5D iphone Xr Xs Max X Xs full screen cover 4D 3D,Rp125.000,https://www.bukalapak.com/p/handphone/aksesoris-handphone/screen-guard/1vlwsqw-jual-tempered-glass-5d-iphone-xr-xs-max-x-xs-full-screen-cover-4d-3d?from=list-product&pos=31
182,Adaptor Usb C 18W power adapter 18 Watt fast Charging Iphone Ipad Ori,Rp125.000,https://www.bukalapak.com/p/handphone/aksesoris-handphone/charger-177/2fxde1x-jual-adaptor-usb-c-18w-power-adapter-18-watt-fast-charging-iphone-ipad-ori?from=list-product&pos=32
183,Premium Full Cover HMC Tempered Glass iPhone X &amp; Xs &amp; Xr &amp; Xs Max - Anti Gores &amp; Screen Guard,Rp125.000,https://www.bukalapak.com/p/handphone/aksesoris-handphone/screen-guard/10f4y8h-jual-premium-full-cover-hmc-tempered-glass-iphone-x-xs-xr-xs-max-anti-gores-screen-guard?from=list-product&pos=33
184,Original Rhinoshield Solidsuit Case iPhone 11 Pro Max &amp; 11 Pro &amp; 11 - Ultra Tough &amp; Ultra Drop Protection Casing,Rp125.000,https://www.bukalapak.com/p/handphone/aksesoris-handphone/casing-cover/2e3x5yk-jual-original-rhinoshield-solidsuit-case-iphone-11-pro-max-11-pro-11-ultra-tough-ultra-drop-protection-casing?from=list-product&pos=34
185,Apple iPhone Xr 64GB Second Full Sett Ex Inter,Rp125.000,https://www.bukalapak.com/p/handphone/hp-smartphone/3j8tjoi-jual-apple-iphone-xr-64gb-second-full-sett-ex-inter?from=list-product&pos=35
186,IPHONE 5 S 32 GB,Rp125.000,https://www.bukalapak.com/p/handphone/hp-smartphone/drm5qg-jual-iphone-5-s-32-gb?from=list-product&pos=36
187,Iphone 11 64gb 128gb 256gb mulus ex inter,Rp125.000,https://www.bukalapak.com/p/handphone/hp-smartphone/3f5l3qs-jual-iphone-11-64gb-128gb-256gb-mulus-ex-inter?from=list-product&pos=37
188,IPhone XS MAX 64 GB - FULLSET - 64GB - APPLE - COD Tangerang,Rp125.000,https://www.bukalapak.com/p/handphone/hp-smartphone/2k4j2gh-jual-iphone-xs-max-64-gb-fullset-64gb-apple-cod-tangerang?from=list-product&pos=38
189,iPhone Xs Max 64gb Space Grey Dual Sim Single On Second Fullset,Rp125.000,https://www.bukalapak.com/p/handphone/hp-smartphone/2bmuzfa-jual-iphone-xs-max-64gb-space-grey-dual-sim-single-on-second-fullset?from=list-product&pos=39
190,Iphone 7 / 128gb ORIGINAL,Rp125.000,https://www.bukalapak.com/p/handphone/hp-smartphone/7qelm6-jual-iphone-7-128gb-original?from=list-product&pos=40
191,Case Casing Anti Crash iPhone X XS XR XS Max,Rp125.000,https://www.bukalapak.com/p/handphone/aksesoris-handphone/casing-cover/sqhxzl-jual-case-casing-anti-crash-iphone-x-xs-xr-xs-max?from=list-product&pos=41
192,Buy 1 Get 1 - Promo - I Glove Touch Screen Smartphones Iphone Sarung Tangan Motor HP Android,Rp125.000,https://www.bukalapak.com/p/motor-471/outwear-motor/gloves/4ufr75-jual-buy-1-get-1-promo-i-glove-touch-screen-smartphones-iphone-sarung-tangan-motor-hp-android?from=list-product&pos=42
193,Case Casing Anti Slip iPhone X XS XR XS Max,Rp125.000,https://www.bukalapak.com/p/handphone/aksesoris-handphone/casing-cover/ya8gxs-jual-case-casing-anti-slip-iphone-x-xs-xr-xs-max?from=list-product&pos=43
194,Iphone X 5000 mAh Rechargeable External Battery Charger Case Juice Pack Power Bank Power Real Capacity,Rp125.000,https://www.bukalapak.com/p/handphone/aksesoris-handphone/casing-cover/te8o3u-jual-iphone-x-5000-mah-rechargeable-external-battery-charger-case-juice-pack-power-bank-power-real-capacity?from=list-product&pos=44
195,Case leather iphone 6 6s 7 8 plus X Xr Xs Max casing kulit original,Rp125.000,https://www.bukalapak.com/p/handphone/aksesoris-handphone/casing-cover/1jec7jy-jual-case-leather-iphone-6-6s-7-8-plus-x-xr-xs-max-casing-kulit-original?from=list-product&pos=45
196,Silicone case iphone 6 6s plus 7 8 plus soft hard casing premium original,Rp125.000,https://www.bukalapak.com/p/handphone/aksesoris-handphone/casing-cover/1age0au-jual-silicone-case-iphone-6-6s-plus-7-8-plus-soft-hard-casing-premium-original?from=list-product&pos=46
197,Kabel converter iphone 7 8 plus Xr X Max double lightning jack Y cable,Rp125.000,https://www.bukalapak.com/p/komputer/laptop/1vlwr6i-jual-kabel-converter-iphone-7-8-plus-xr-x-max-double-lightning-jack-y-cable?from=list-product&pos=47
198,Lightning to USB Cable 2m kabel charger iphone 6 6s 7 8 plus 5 X Xr Xs,Rp125.000,https://www.bukalapak.com/p/handphone/aksesoris-handphone/kabel-data/1xcid7c-jual-lightning-to-usb-cable-2m-kabel-charger-iphone-6-6s-7-8-plus-5-x-xr-xs?from=list-product&pos=48
199,Original Ringke Fusion Clear Case iPhone 11 Pro Max &amp; iPhone 11 Pro &amp; iPhone 11 - Premium Tough Casing &amp; Slim Cover,Rp125.000,https://www.bukalapak.com/p/handphone/aksesoris-handphone/casing-cover/2gec6he-jual-original-ringke-fusion-clear-case-iphone-11-pro-max-iphone-11-pro-iphone-11-premium-tough-casing-slim-cover?from=list-product&pos=49
200,Original ESR Tempered Glass iPhone X &amp; Xs &amp; Xr &amp; Xs Max - Anti Gores &amp; Screen Guard,Rp125.000,https://www.bukalapak.com/p/handphone/aksesoris-handphone/screen-guard/1or0fkx-jual-original-esr-tempered-glass-iphone-x-xs-xr-xs-max-anti-gores-screen-guard?from=list-product&pos=0
201,Batre Batrei Battery Apple Iphone 6 Original,Rp125.000,https://www.bukalapak.com/p/handphone/aksesoris-handphone/baterai-176/er9icy-jual-batre-batrei-battery-apple-iphone-6-original?from=list-product&pos=1
202,Best Seller Airpods Pro Wireless for Iphone Original Final Manufacture,Rp125.000,https://www.bukalapak.com/p/handphone/headset-earphone/43teris-jual-best-seller-airpods-pro-wireless-for-iphone-original-final-manufacture?from=list-product&pos=2
203,HANDSFREE HEADSET EARPODS IPHONE 7 8 X XS LIGHTNING ORIGINAL,Rp125.000,https://www.bukalapak.com/p/handphone/headset-earphone/2gjiknd-jual-handsfree-headset-earpods-iphone-7-8-x-xs-lightning-original?from=list-product&pos=3
204,Tempered glass warna full 5D 4D 3D iphone 6 6plus 7 7plus 8 8plus x,Rp125.000,https://www.bukalapak.com/p/handphone/aksesoris-handphone/screen-guard/1vlwtvq-jual-tempered-glass-warna-full-5d-4d-3d-iphone-6-6plus-7-7plus-8-8plus-x?from=list-product&pos=4
205,VYATTA TURBO V FAST WIRELESS 15W POWERBANK VOOC &amp; QC3.0 22.5W - Phone Stand - OPPO - RealMe - Vivo - iPhone,Rp125.000,https://www.bukalapak.com/p/handphone/power-bank/40rnkpn-jual-vyatta-turbo-v-fast-wireless-15w-powerbank-vooc-qc3-0-22-5w-phone-stand-oppo-realme-vivo-iphone?from=list-product&pos=5
206,APPLE IPHONE 7PLUS 128GB BLACK FU GSM ORIGINAL GARANSI 1 TAHUN,Rp125.000,https://www.bukalapak.com/p/handphone/hp-smartphone/3hxle8t-jual-apple-iphone-7plus-128gb-black-fu-gsm-original-garansi-1-tahun?from=list-product&pos=6
207,JOYSEUS In-Ear Earphone For iPhone HIFI Stereo Wired - EP0014,Rp125.000,https://www.bukalapak.com/p/handphone/headset-earphone/15jkw9u-jual-joyseus-in-ear-earphone-for-iphone-hifi-stereo-wired-ep0014?from=list-product&pos=7
208,SanDisk iXpand Flip 64GB USB 3.0 Flash Drive for iPhone iPad - FlashDisk,Rp125.000,https://www.bukalapak.com/p/komputer/aksesoris-226/flashdisk/3wwfxy7-jual-sandisk-ixpand-flip-64gb-usb-3-0-flash-drive-for-iphone-ipad-flashdisk?from=list-product&pos=8
209,LCD TOUCHSCREEN IPHONE XR ORIGINAL,Rp125.000,https://www.bukalapak.com/p/handphone/spare-part-tools-handphone/2qeuwo7-jual-lcd-touchscreen-iphone-xr-original?from=list-product&pos=9
210,ice Bluetooth V5.0 Earphone Wireless Earphone Stereo Sport Wireless Headphone Earbuds Headset 2000 mAh Power untuk iPhone Xiaomi,Rp125.000,https://www.bukalapak.com/p/elektronik/headphone/2jfz4rd-jual-ice-bluetooth-v5-0-earphone-wireless-earphone-stereo-sport-wireless-headphone-earbuds-headset-2000-mah-power-untuk-iphone-xiaomi?from=list-product&pos=10
211,Aamir A5EP35MM 3.5mm Stereo Earphone Dengan Mikrofon Earbud In-Ear Headset Bass Suara Musik Earphone Untuk iPhone Xiaomi Huawei,Rp125.000,https://www.bukalapak.com/p/handphone/headset-earphone/3b0olml-jual-aamir-a5ep35mm-3-5mm-stereo-earphone-dengan-mikrofon-earbud-in-ear-headset-bass-suara-musik-earphone-untuk-iphone-xiaomi-huawei?from=list-product&pos=11
212,Headset Earpods Iphone 7 8 X Original,Rp125.000,https://www.bukalapak.com/p/handphone/headset-earphone/mnb30n-jual-headset-earpods-iphone-7-8-x-original?from=list-product&pos=12
213,Adapter Lightning Iphone 7 Ke Audio Jack 3.5mm Headphone,Rp125.000,https://www.bukalapak.com/p/handphone/aksesoris-handphone/kabel-data/abimix-jual-adapter-lightning-iphone-7-ke-audio-jack-3-5mm-headphone?from=list-product&pos=13
214,tre Bluetooth V5.0 Earphone Wireless Earphones Stereo Sport Wireless Headphones Earbuds Headset 2000 mAh Power for iPhone Xiaomi Color black,Rp125.000,https://www.bukalapak.com/p/elektronik/headphone/2kqzx90-jual-tre-bluetooth-v5-0-earphone-wireless-earphones-stereo-sport-wireless-headphones-earbuds-headset-2000-mah-power-for-iphone-xiaomi-color-black?from=list-product&pos=14
215,Earpod headset handsfree apple iphone 8 7 plus X Xr Xs Max Original,Rp125.000,https://www.bukalapak.com/p/elektronik/portable-audio-player/1vlwq2n-jual-earpod-headset-handsfree-apple-iphone-8-7-plus-x-xr-xs-max-original?from=list-product&pos=15
216,Dual connector iphone 7 8 plus X Xs lightning and jack 3.5mm original,Rp125.000,https://www.bukalapak.com/p/komputer/laptop/1vlwr27-jual-dual-connector-iphone-7-8-plus-x-xs-lightning-and-jack-3-5mm-original?from=list-product&pos=16
217,Case original silicon apple iphone 6 6s plus 7 8 plus hard soft casing,Rp125.000,https://www.bukalapak.com/p/handphone/aksesoris-handphone/casing-cover/13cohl6-jual-case-original-silicon-apple-iphone-6-6s-plus-7-8-plus-hard-soft-casing?from=list-product&pos=17
218,Converter lightning to headphone jack 3.5mm iphone 7 8 X max original,Rp125.000,https://www.bukalapak.com/p/handphone/aksesoris-handphone/aksesoris-lainnya-2645/1ndlbfv-jual-converter-lightning-to-headphone-jack-3-5mm-iphone-7-8-x-max-original?from=list-product&pos=18
219,Apple Lightning to Digital AV Adapter To HDMI TV Iphone 6 7 8 plus X,Rp125.000,https://www.bukalapak.com/p/elektronik/aksesoris-tv-video/208medo-jual-apple-lightning-to-digital-av-adapter-to-hdmi-tv-iphone-6-7-8-plus-x?from=list-product&pos=19
220,Iphone 12 Promax 128GB Original Apple,Rp125.000,https://www.bukalapak.com/p/handphone/hp-smartphone/42uke6k-jual-iphone-12-promax-128gb-original-apple?from=list-product&pos=20
221,IPHONE XS 64GB SECOND FULLSET MULUS,Rp125.000,https://www.bukalapak.com/p/handphone/hp-smartphone/2o08gs2-jual-iphone-xs-64gb-second-fullset-mulus?from=list-product&pos=21
222,iPhone 11 128Gb red Second Fullset Like New No Minus,Rp125.000,https://www.bukalapak.com/p/handphone/hp-smartphone/3pecb8a-jual-iphone-11-128gb-red-second-fullset-like-new-no-minus?from=list-product&pos=22
223,IPhone XS 64 GB SEKEN EXINTER,Rp125.000,https://www.bukalapak.com/p/handphone/hp-smartphone/2hc7cg0-jual-iphone-xs-64-gb-seken-exinter?from=list-product&pos=23
224,iPhone SE 2020 iPhone 7 iPhone 8 Case IBlasson Cosmo Marble 0.38mm,Rp125.000,https://www.bukalapak.com/p/handphone/aksesoris-handphone/casing-cover/39qypyv-jual-iphone-se-2020-iphone-7-iphone-8-case-iblasson-cosmo-marble-0-38mm?from=list-product&pos=24
225,LIGHTNING KABEL DATA CHARGER IPHONE ORIGINAL,Rp125.000,https://www.bukalapak.com/p/handphone/aksesoris-handphone/kabel-data/2sknmku-jual-lightning-kabel-data-charger-iphone-original?from=list-product&pos=25
226,Aamir APJDATA3IN1 3 in 1 90 Derajat Kabel Gaming Micro USB Type-C Lightning Pengisian Kabel Game Untuk iPhone Samsung Xiaomi Huawei,Rp125.000,https://www.bukalapak.com/p/handphone/aksesoris-handphone/kabel-data/3b08xca-jual-aamir-apjdata3in1-3-in-1-90-derajat-kabel-gaming-micro-usb-type-c-lightning-pengisian-kabel-game-untuk-iphone-samsung-xiaomi-huawei?from=list-product&pos=26
227,Case Casing Kulit IPhone 11 iPhone 11 Pro iPhone 11 Pro Max EXCLUSIVE,Rp125.000,https://www.bukalapak.com/p/handphone/aksesoris-handphone/casing-cover/2faj7xa-jual-case-casing-kulit-iphone-11-iphone-11-pro-iphone-11-pro-max-exclusive?from=list-product&pos=27
228,AamirA3EPRED 3.5mm Stereo Earphone Dengan Mikrofon Earbud In-Ear Headset Bass Suara Musik Earphone Untuk iPhone Xiaomi Huawei,Rp125.000,https://www.bukalapak.com/p/handphone/headset-earphone/3b0kx0k-jual-aamira3epred-3-5mm-stereo-earphone-dengan-mikrofon-earbud-in-ear-headset-bass-suara-musik-earphone-untuk-iphone-xiaomi-huawei?from=list-product&pos=28
229,Apple iPhone 7 32GB - Free Tempred Glass,Rp125.000,https://www.bukalapak.com/p/handphone/hp-smartphone/uwdhol-jual-apple-iphone-7-32gb-free-tempred-glass?from=list-product&pos=29
230,Adaptor USB C lightning Fast Charging Iphone 7 8 X Xr Xs 11 11 Pro Max,Rp125.000,https://www.bukalapak.com/p/handphone/aksesoris-handphone/charger-177/2ik3jek-jual-adaptor-usb-c-lightning-fast-charging-iphone-7-8-x-xr-xs-11-11-pro-max?from=list-product&pos=30
231,Adaptor Usb C 18W power adapter 18 Watt fast Charging Iphone Ipad Ori,Rp125.000,https://www.bukalapak.com/p/handphone/aksesoris-handphone/charger-177/2fxde1x-jual-adaptor-usb-c-18w-power-adapter-18-watt-fast-charging-iphone-ipad-ori?from=list-product&pos=31
232,Tempered glass 5D iphone Xr Xs Max X Xs full screen cover 4D 3D,Rp125.000,https://www.bukalapak.com/p/handphone/aksesoris-handphone/screen-guard/1vlwsqw-jual-tempered-glass-5d-iphone-xr-xs-max-x-xs-full-screen-cover-4d-3d?from=list-product&pos=32
233,Premium Full Cover HMC Tempered Glass iPhone X &amp; Xs &amp; Xr &amp; Xs Max - Anti Gores &amp; Screen Guard,Rp125.000,https://www.bukalapak.com/p/handphone/aksesoris-handphone/screen-guard/10f4y8h-jual-premium-full-cover-hmc-tempered-glass-iphone-x-xs-xr-xs-max-anti-gores-screen-guard?from=list-product&pos=33
234,Original Rhinoshield Solidsuit Case iPhone 11 Pro Max &amp; 11 Pro &amp; 11 - Ultra Tough &amp; Ultra Drop Protection Casing,Rp125.000,https://www.bukalapak.com/p/handphone/aksesoris-handphone/casing-cover/2e3x5yk-jual-original-rhinoshield-solidsuit-case-iphone-11-pro-max-11-pro-11-ultra-tough-ultra-drop-protection-casing?from=list-product&pos=34
235,Apple iPhone Xr 64GB Second Full Sett Ex Inter,Rp125.000,https://www.bukalapak.com/p/handphone/hp-smartphone/3j8tjoi-jual-apple-iphone-xr-64gb-second-full-sett-ex-inter?from=list-product&pos=35
236,IPHONE 5 S 32 GB,Rp125.000,https://www.bukalapak.com/p/handphone/hp-smartphone/drm5qg-jual-iphone-5-s-32-gb?from=list-product&pos=36
237,Iphone 11 64gb 128gb 256gb mulus ex inter,Rp125.000,https://www.bukalapak.com/p/handphone/hp-smartphone/3f5l3qs-jual-iphone-11-64gb-128gb-256gb-mulus-ex-inter?from=list-product&pos=37
238,IPhone XS MAX 64 GB - FULLSET - 64GB - APPLE - COD Tangerang,Rp125.000,https://www.bukalapak.com/p/handphone/hp-smartphone/2k4j2gh-jual-iphone-xs-max-64-gb-fullset-64gb-apple-cod-tangerang?from=list-product&pos=38
239,iPhone Xs Max 64gb Space Grey Dual Sim Single On Second Fullset,Rp125.000,https://www.bukalapak.com/p/handphone/hp-smartphone/2bmuzfa-jual-iphone-xs-max-64gb-space-grey-dual-sim-single-on-second-fullset?from=list-product&pos=39
240,Iphone 7 / 128gb ORIGINAL,Rp125.000,https://www.bukalapak.com/p/handphone/hp-smartphone/7qelm6-jual-iphone-7-128gb-original?from=list-product&pos=40
241,Case Casing Anti Crash iPhone X XS XR XS Max,Rp125.000,https://www.bukalapak.com/p/handphone/aksesoris-handphone/casing-cover/sqhxzl-jual-case-casing-anti-crash-iphone-x-xs-xr-xs-max?from=list-product&pos=41
242,Buy 1 Get 1 - Promo - I Glove Touch Screen Smartphones Iphone Sarung Tangan Motor HP Android,Rp125.000,https://www.bukalapak.com/p/motor-471/outwear-motor/gloves/4ufr75-jual-buy-1-get-1-promo-i-glove-touch-screen-smartphones-iphone-sarung-tangan-motor-hp-android?from=list-product&pos=42
243,Case Casing Anti Slip iPhone X XS XR XS Max,Rp125.000,https://www.bukalapak.com/p/handphone/aksesoris-handphone/casing-cover/ya8gxs-jual-case-casing-anti-slip-iphone-x-xs-xr-xs-max?from=list-product&pos=43
244,Iphone X 5000 mAh Rechargeable External Battery Charger Case Juice Pack Power Bank Power Real Capacity,Rp125.000,https://www.bukalapak.com/p/handphone/aksesoris-handphone/casing-cover/te8o3u-jual-iphone-x-5000-mah-rechargeable-external-battery-charger-case-juice-pack-power-bank-power-real-capacity?from=list-product&pos=44
245,Case leather iphone 6 6s 7 8 plus X Xr Xs Max casing kulit original,Rp125.000,https://www.bukalapak.com/p/handphone/aksesoris-handphone/casing-cover/1jec7jy-jual-case-leather-iphone-6-6s-7-8-plus-x-xr-xs-max-casing-kulit-original?from=list-product&pos=45
246,Silicone case iphone 6 6s plus 7 8 plus soft hard casing premium original,Rp125.000,https://www.bukalapak.com/p/handphone/aksesoris-handphone/casing-cover/1age0au-jual-silicone-case-iphone-6-6s-plus-7-8-plus-soft-hard-casing-premium-original?from=list-product&pos=46
247,Kabel converter iphone 7 8 plus Xr X Max double lightning jack Y cable,Rp125.000,https://www.bukalapak.com/p/komputer/laptop/1vlwr6i-jual-kabel-converter-iphone-7-8-plus-xr-x-max-double-lightning-jack-y-cable?from=list-product&pos=47
248,Lightning to USB Cable 2m kabel charger iphone 6 6s 7 8 plus 5 X Xr Xs,Rp125.000,https://www.bukalapak.com/p/handphone/aksesoris-handphone/kabel-data/1xcid7c-jual-lightning-to-usb-cable-2m-kabel-charger-iphone-6-6s-7-8-plus-5-x-xr-xs?from=list-product&pos=48
249,Original Ringke Fusion Clear Case iPhone 11 Pro Max &amp; iPhone 11 Pro &amp; iPhone 11 - Premium Tough Casing &amp; Slim Cover,Rp125.000,https://www.bukalapak.com/p/handphone/aksesoris-handphone/casing-cover/2gec6he-jual-original-ringke-fusion-clear-case-iphone-11-pro-max-iphone-11-pro-iphone-11-premium-tough-casing-slim-cover?from=list-product&pos=49
